,path,constraint,severity,message,id,focus
0,:headline,shacl:MinCountConstraintComponent,shacl:Warning,Headline is suggested ,_:n5ed15b711b5b4efa803924a89a930e7db2,<http://portete.invemar.org.co/chm/api/oih/findid/platformgeo/6c398fc8abae73f8850a54d01379a582ebb927f9aaed7fa9eb6331eff0648011>
1,:headline,shacl:MinCountConstraintComponent,shacl:Warning,Headline is suggested ,_:n5ed15b711b5b4efa803924a89a930e7db3,<http://portete.invemar.org.co/chm/api/oih/findid/platformgeo/e0cb08e99ebfb20b2c6e47e4ed32e64d8fd393f974b66fe0355b8c7338c9c237>
2,:headline,shacl:MinCountConstraintComponent,shacl:Warning,Headline is suggested ,_:n5ed15b711b5b4efa803924a89a930e7db4,<http://portete.invemar.org.co/chm/api/oih/findid/platformgeo/0b547756acaccacabd8a0ca18a59114f1194b952e47bf570a111c84a86e9fdeb>
3,:headline,shacl:MinCountConstraintComponent,shacl:Warning,Headline is suggested ,_:n5ed15b711b5b4efa803924a89a930e7db5,<http://portete.invemar.org.co/chm/api/oih/findid/platformgeo/1dfe9c47a354666ca690df5d7938a4be969a2f7ad0daa926522e68a004f07afc>
4,:headline,shacl:MinCountConstraintComponent,shacl:Warning,Headline is suggested ,_:n5ed15b711b5b4efa803924a89a930e7db6,<http://portete.invemar.org.co/chm/api/oih/findid/platformgeo/acefc332aa9154fc95eaaee7370cfa62c3ac5374eeaa990613ffa6cef56f892c>
5,:headline,shacl:MinCountConstraintComponent,shacl:Warning,Headline is suggested ,_:n5ed15b711b5b4efa803924a89a930e7db7,<http://portete.invemar.org.co/chm/api/oih/findid/platformgeo/c4811993f76e4f23d694778d0b79ba6749950e79ab4dc8e8d2a24fccd89734c9>
6,:headline,shacl:MinCountConstraintComponent,shacl:Warning,Headline is suggested ,_:n5ed15b711b5b4efa803924a89a930e7db8,<http://portete.invemar.org.co/chm/api/oih/findid/platformgeo/301e92b75c01aa906de5fc3e27c7c98effc685852d3dd213e7bc8f11813d6247>
7,:headline,shacl:MinCountConstraintComponent,shacl:Warning,Headline is suggested ,_:n5ed15b711b5b4efa803924a89a930e7db9,<http://portete.invemar.org.co/chm/api/oih/findid/platformgeo/1213ba5412e0d9154418294ebc2f1fa49b78374296bbc89e83841b956f653bc7>
8,:headline,shacl:MinCountConstraintComponent,shacl:Warning,Headline is suggested ,_:n5ed15b711b5b4efa803924a89a930e7db10,<http://portete.invemar.org.co/chm/api/oih/findid/platformgeo/eb8feafcbd1eeecbdd05387c50d967aed1a7566770c27cc21d1f58f9f656c44d>
9,:headline,shacl:MinCountConstraintComponent,shacl:Warning,Headline is suggested ,_:n5ed15b711b5b4efa803924a89a930e7db11,<http://portete.invemar.org.co/chm/api/oih/findid/platformgeo/046fae9ff135ab54f7f294bc15ad7a886803103adcd695ae00db1d26a70e71b5>
10,:headline,shacl:MinCountConstraintComponent,shacl:Warning,Headline is suggested ,_:n5ed15b711b5b4efa803924a89a930e7db12,<http://portete.invemar.org.co/chm/api/oih/findid/platformgeo/28460ff1d00e117dc2ecc5b6408e973aa85ee8463f294a8d9f23533354c6133f>
11,:headline,shacl:MinCountConstraintComponent,shacl:Warning,Headline is suggested ,_:n5ed15b711b5b4efa803924a89a930e7db13,<http://portete.invemar.org.co/chm/api/oih/findid/platformgeo/a0677fd44c44a5c023cc3fe890621df468667d144e8f7be75bb88cf7ed225ee5>
12,:headline,shacl:MinCountConstraintComponent,shacl:Warning,Headline is suggested ,_:n5ed15b711b5b4efa803924a89a930e7db14,<http://portete.invemar.org.co/chm/api/oih/findid/platformgeo/5e21cbf7e68e11c6a1a73d73e30265c32749f2e8044904ac9c6c8d9bdfddbb28>
13,:headline,shacl:MinCountConstraintComponent,shacl:Warning,Headline is suggested ,_:n5ed15b711b5b4efa803924a89a930e7db15,<http://portete.invemar.org.co/chm/api/oih/findid/platformgeo/005fe81a1d265aaaa60057f98fcc9b587e8642885fb7eaefadc84b1d349b82d4>
14,:headline,shacl:MinCountConstraintComponent,shacl:Warning,Headline is suggested ,_:n5ed15b711b5b4efa803924a89a930e7db16,<http://portete.invemar.org.co/chm/api/oih/findid/platformgeo/a30389d929ef4e95c9e008a795ed73e9f891beeb00dcb42e83bf80970937c274>
15,:headline,shacl:MinCountConstraintComponent,shacl:Warning,Headline is suggested ,_:n5ed15b711b5b4efa803924a89a930e7db17,<http://portete.invemar.org.co/chm/api/oih/findid/platformgeo/f5e23cc0a589b851b6f5e9f0d8e9dba491d1f3c0ce8c70cb70084a53099d699b>
16,:headline,shacl:MinCountConstraintComponent,shacl:Warning,Headline is suggested ,_:n5ed15b711b5b4efa803924a89a930e7db18,<http://portete.invemar.org.co/chm/api/oih/findid/platformgeo/a58a165e98904fe420dca30affb72bec275a786a4136586ea16fe325a1dfcf66>
17,:description,shacl:MinCountConstraintComponent,shacl:Violation,Resource must have a description,_:n5ed15b711b5b4efa803924a89a930e7db19,<http://portete.invemar.org.co/chm/api/oih/29585f9d103c4def1eb56270fea6f629b7f012dd36890bb90a470ac3b358abd3>
18,:headline,shacl:MinCountConstraintComponent,shacl:Warning,Headline is suggested ,_:n5ed15b711b5b4efa803924a89a930e7db20,<http://portete.invemar.org.co/chm/api/oih/findid/platformgeo/2660c19078ba1bd3845edaa844681cfb4d99e3b8a4b1fd59db4e82b693cd7687>
19,:headline,shacl:MinCountConstraintComponent,shacl:Warning,Headline is suggested ,_:n5ed15b711b5b4efa803924a89a930e7db21,<http://portete.invemar.org.co/chm/api/oih/findid/platformgeo/a3d60d3615872d3804e74c56380760e734d9fa88beaa9897d241c58ce23e4713>
20,:headline,shacl:MinCountConstraintComponent,shacl:Warning,Headline is suggested ,_:n5ed15b711b5b4efa803924a89a930e7db22,<http://portete.invemar.org.co/chm/api/oih/findid/platformgeo/825d7a74cbd777a4c698f98f16c3fd13f0d966c66cd5a4af727e169e01e461b3>
21,:headline,shacl:MinCountConstraintComponent,shacl:Warning,Headline is suggested ,_:n5ed15b711b5b4efa803924a89a930e7db23,<http://portete.invemar.org.co/chm/api/oih/findid/platformgeo/c5991088017723c34a156e17818beaa7dabc4c02b387f465ee55397cba1dbba6>
22,:headline,shacl:MinCountConstraintComponent,shacl:Warning,Headline is suggested ,_:n5ed15b711b5b4efa803924a89a930e7db24,<http://portete.invemar.org.co/chm/api/oih/findid/platformgeo/d06633531c63af8e2d5420ccc994fdb97fbd466a48103ef6dd1cf43459659bb3>
23,:headline,shacl:MinCountConstraintComponent,shacl:Warning,Headline is suggested ,_:n5ed15b711b5b4efa803924a89a930e7db25,<http://portete.invemar.org.co/chm/api/oih/findid/platformgeo/c7d89e69b65ffa8b22e6c7c186b4eb5267325dfc29870c97ac5e49e2a5f98a51>
24,:headline,shacl:MinCountConstraintComponent,shacl:Warning,Headline is suggested ,_:n5ed15b711b5b4efa803924a89a930e7db26,<http://portete.invemar.org.co/chm/api/oih/findid/platformgeo/94d13364006d7c1be5b110212f12181bd0197c430b36a71f63b684711ba2cf98>
25,:headline,shacl:MinCountConstraintComponent,shacl:Warning,Headline is suggested ,_:n5ed15b711b5b4efa803924a89a930e7db27,<http://portete.invemar.org.co/chm/api/oih/findid/platformgeo/d7f736fec8e7e2bce557bb4553f439c45e6c553eaf9bf65aaad2b696e21c05a8>
26,:headline,shacl:MinCountConstraintComponent,shacl:Warning,Headline is suggested ,_:n5ed15b711b5b4efa803924a89a930e7db28,<http://portete.invemar.org.co/chm/api/oih/findid/platformgeo/2a99e12c837f8d4baaa3e1211a93c6d3449e4495ff0bbe131a61189dbc1c7ceb>
27,:headline,shacl:MinCountConstraintComponent,shacl:Warning,Headline is suggested ,_:n5ed15b711b5b4efa803924a89a930e7db29,<http://portete.invemar.org.co/chm/api/oih/findid/platformgeo/cedf973950b7e2d862ca7d209d65b630e81d24c284d30cf3d81daae76e20fb3d>
28,:headline,shacl:MinCountConstraintComponent,shacl:Warning,Headline is suggested ,_:n5ed15b711b5b4efa803924a89a930e7db30,<http://portete.invemar.org.co/chm/api/oih/findid/platformgeo/9a94d41b0c97d7eea20b3ca76736f879886e32843693dd651f8194d62f8f6511>
29,:headline,shacl:MinCountConstraintComponent,shacl:Warning,Headline is suggested ,_:n5ed15b711b5b4efa803924a89a930e7db31,<http://portete.invemar.org.co/chm/api/oih/findid/platformgeo/0b68bac72df991151f818afba8f8af325fe022160e2072c215c2ed9cdc59c069>
30,:headline,shacl:MinCountConstraintComponent,shacl:Warning,Headline is suggested ,_:n5ed15b711b5b4efa803924a89a930e7db32,<http://portete.invemar.org.co/chm/api/oih/findid/platformgeo/9f4f87213fdb59b24e33ae71820c2ff06a61c47b8f7f21cf89dfb7ccb94cbe09>
31,:headline,shacl:MinCountConstraintComponent,shacl:Warning,Headline is suggested ,_:n5ed15b711b5b4efa803924a89a930e7db33,<http://portete.invemar.org.co/chm/api/oih/findid/platformgeo/0dd346b782950e2a7e60b11cc339396ade39583a1fe22bf71a0a4f50c6b96869>
32,:headline,shacl:MinCountConstraintComponent,shacl:Warning,Headline is suggested ,_:n5ed15b711b5b4efa803924a89a930e7db34,<http://portete.invemar.org.co/chm/api/oih/findid/platformgeo/9ae930eb5c2b59c5e1705bd6ca0ac79b5417b5186c4faa1bd93b553b246b3237>
33,:headline,shacl:MinCountConstraintComponent,shacl:Warning,Headline is suggested ,_:n5ed15b711b5b4efa803924a89a930e7db35,<http://portete.invemar.org.co/chm/api/oih/findid/platformgeo/5ec460082eed0bced2dcb61e97514b8e004eb2fc52c49cd5ef32bfd79dca4533>
34,:headline,shacl:MinCountConstraintComponent,shacl:Warning,Headline is suggested ,_:n5ed15b711b5b4efa803924a89a930e7db36,<http://portete.invemar.org.co/chm/api/oih/findid/platformgeo/5701ab5bf466a30953812fcd6752b6db9c8fb10a211a6d39e4050d10d61f8806>
35,:headline,shacl:MinCountConstraintComponent,shacl:Warning,Headline is suggested ,_:n5ed15b711b5b4efa803924a89a930e7db37,<http://portete.invemar.org.co/chm/api/oih/findid/platformgeo/3a71825ba919900673771263740ee8ac8f0319a13e01e0e1e67edc7135a244ad>
36,:headline,shacl:MinCountConstraintComponent,shacl:Warning,Headline is suggested ,_:n5ed15b711b5b4efa803924a89a930e7db38,<http://portete.invemar.org.co/chm/api/oih/findid/platformgeo/fd192f37c4d608c5c8ae9036353ca65fd9c752e7f0f89e0bb119e54f394e07c1>
37,:headline,shacl:MinCountConstraintComponent,shacl:Warning,Headline is suggested ,_:n5ed15b711b5b4efa803924a89a930e7db39,<http://portete.invemar.org.co/chm/api/oih/findid/platformgeo/e3f63ff84cc3dd945b5d90189f72265a31ac37a9d31d97fa50ce3c86d0c61d0b>
38,:headline,shacl:MinCountConstraintComponent,shacl:Warning,Headline is suggested ,_:n5ed15b711b5b4efa803924a89a930e7db40,<http://portete.invemar.org.co/chm/api/oih/findid/platformgeo/220fc9897fce9c7b4c3c5dfbf0e543248f36f887bce33a089c67ff7055bd349c>
39,:headline,shacl:MinCountConstraintComponent,shacl:Warning,Headline is suggested ,_:n5ed15b711b5b4efa803924a89a930e7db41,<http://portete.invemar.org.co/chm/api/oih/findid/platformgeo/011591103b3ea8944a06a83db2644c1b03ae2f8b090f0f192a2882fab2ab97cf>
40,:headline,shacl:MinCountConstraintComponent,shacl:Warning,Headline is suggested ,_:n5ed15b711b5b4efa803924a89a930e7db42,<http://portete.invemar.org.co/chm/api/oih/findid/platformgeo/66d778543c2bef076783e2987767760629cf3c90d948eb4ce4d55297c94b97db>
41,:headline,shacl:MinCountConstraintComponent,shacl:Warning,Headline is suggested ,_:n5ed15b711b5b4efa803924a89a930e7db43,<http://portete.invemar.org.co/chm/api/oih/findid/platformgeo/8812d611adfcf72b8aee0fdd3a60b46a17374acbdb2025b58492aefc47520716>
42,:headline,shacl:MinCountConstraintComponent,shacl:Warning,Headline is suggested ,_:n5ed15b711b5b4efa803924a89a930e7db44,<http://portete.invemar.org.co/chm/api/oih/findid/platformgeo/24af7e02c0f1343afa32c69546db01c176fde78cd76a752997da3d5f1d5fab2f>
43,:headline,shacl:MinCountConstraintComponent,shacl:Warning,Headline is suggested ,_:n5ed15b711b5b4efa803924a89a930e7db45,<http://portete.invemar.org.co/chm/api/oih/findid/platformgeo/2432b17a08a52a2c493553932409c1eeb75a8b9c90818f5320c06105d79a6e01>
44,:headline,shacl:MinCountConstraintComponent,shacl:Warning,Headline is suggested ,_:n5ed15b711b5b4efa803924a89a930e7db46,<http://portete.invemar.org.co/chm/api/oih/findid/platformgeo/585a9636671367f3d552bc825850b2088918b4f78f800de3ee559738844cf411>
45,:headline,shacl:MinCountConstraintComponent,shacl:Warning,Headline is suggested ,_:n5ed15b711b5b4efa803924a89a930e7db47,<http://portete.invemar.org.co/chm/api/oih/findid/platformgeo/bb1abc7f56438094b37ecd82b94e2ceeb5de99c6bc931c2e6b0c67566e0bf4ae>
46,:headline,shacl:MinCountConstraintComponent,shacl:Warning,Headline is suggested ,_:n5ed15b711b5b4efa803924a89a930e7db48,<http://portete.invemar.org.co/chm/api/oih/findid/platformgeo/a0b3dae5c40ec3f0d02d8727f47e5826238743b3fefbb9692c7f2add61351126>
47,:headline,shacl:MinCountConstraintComponent,shacl:Warning,Headline is suggested ,_:n5ed15b711b5b4efa803924a89a930e7db49,<http://portete.invemar.org.co/chm/api/oih/findid/platformgeo/26bbb5810a4b122d782ae1cdc5a61c2676bcee1437f38233aa42cb565a9c7475>
48,:headline,shacl:MinCountConstraintComponent,shacl:Warning,Headline is suggested ,_:n5ed15b711b5b4efa803924a89a930e7db50,<http://portete.invemar.org.co/chm/api/oih/findid/platformgeo/9c238dc2afe8c2d8995add618b111d01e13deff2460273d64a7a3d562a0b40d4>
49,:headline,shacl:MinCountConstraintComponent,shacl:Warning,Headline is suggested ,_:n5ed15b711b5b4efa803924a89a930e7db51,<http://portete.invemar.org.co/chm/api/oih/findid/platformgeo/dab8a6add541ec4ccffa80e44c8c52237a8235e8a5ef6c6bdec40170f70974d8>
50,:headline,shacl:MinCountConstraintComponent,shacl:Warning,Headline is suggested ,_:n5ed15b711b5b4efa803924a89a930e7db52,<http://portete.invemar.org.co/chm/api/oih/findid/platformgeo/e7c017d676e9986aecfc5a389de76d665c2fd692995e4985f17791c479309f38>
51,:headline,shacl:MinCountConstraintComponent,shacl:Warning,Headline is suggested ,_:n5ed15b711b5b4efa803924a89a930e7db53,<http://portete.invemar.org.co/chm/api/oih/findid/platformgeo/2a585e7952c25c2e320a474939a7a883f07a748007d2d83873edd02a3cfa23bc>
52,:headline,shacl:MinCountConstraintComponent,shacl:Warning,Headline is suggested ,_:n5ed15b711b5b4efa803924a89a930e7db54,<http://portete.invemar.org.co/chm/api/oih/findid/platformgeo/913446a6e096282a8155ae51b1ffc078faff99d56d2a01d991be3b08bfe3d9d7>
53,:headline,shacl:MinCountConstraintComponent,shacl:Warning,Headline is suggested ,_:n5ed15b711b5b4efa803924a89a930e7db55,<http://portete.invemar.org.co/chm/api/oih/findid/platformgeo/4255ac96e3e7638266dc3c3edb8a1183e83c8e344ebdf8ac1328674d14af5015>
54,:headline,shacl:MinCountConstraintComponent,shacl:Warning,Headline is suggested ,_:n5ed15b711b5b4efa803924a89a930e7db56,<http://portete.invemar.org.co/chm/api/oih/findid/platformgeo/5c5e084d2bce46c041bec24424ea9adbba608a7032f90d2cadb665f238610140>
55,:headline,shacl:MinCountConstraintComponent,shacl:Warning,Headline is suggested ,_:n5ed15b711b5b4efa803924a89a930e7db57,<http://portete.invemar.org.co/chm/api/oih/findid/platformgeo/2c5172c141265a3a688e597e85669784d522ee3227b39e6841f90fcf246776cb>
56,:headline,shacl:MinCountConstraintComponent,shacl:Warning,Headline is suggested ,_:n5ed15b711b5b4efa803924a89a930e7db58,<http://portete.invemar.org.co/chm/api/oih/findid/platformgeo/be4344d9c48ef0da5fdd7a4049206e5de201f1cfae7020b1b2209d4844d9f4e9>
57,:headline,shacl:MinCountConstraintComponent,shacl:Warning,Headline is suggested ,_:n5ed15b711b5b4efa803924a89a930e7db59,<http://portete.invemar.org.co/chm/api/oih/findid/platformgeo/2e94df17e91c05ea02cd101139e6000f553432c1b2f48355031c7ec858ebd4b8>
58,:headline,shacl:MinCountConstraintComponent,shacl:Warning,Headline is suggested ,_:n5ed15b711b5b4efa803924a89a930e7db60,<http://portete.invemar.org.co/chm/api/oih/findid/platformgeo/7b7803bca78689f14b38e7f6afb4bf26792feb8b23fb710347045a905977a051>
59,:headline,shacl:MinCountConstraintComponent,shacl:Warning,Headline is suggested ,_:n5ed15b711b5b4efa803924a89a930e7db61,<http://portete.invemar.org.co/chm/api/oih/findid/platformgeo/44a776403395001eede2376919699298f5ae5e6a4b2a80f715431039abf8fd59>
60,:headline,shacl:MinCountConstraintComponent,shacl:Warning,Headline is suggested ,_:n5ed15b711b5b4efa803924a89a930e7db62,<http://portete.invemar.org.co/chm/api/oih/findid/platformgeo/29ca85484613504029f165f2ee8f48cc1c12e94258df56ee89d940676a1249c7>
61,:headline,shacl:MinCountConstraintComponent,shacl:Warning,Headline is suggested ,_:n5ed15b711b5b4efa803924a89a930e7db63,<http://portete.invemar.org.co/chm/api/oih/findid/platformgeo/0a4cf8a9c73a31686f313013b74b56f8f75bdc2b0e62507e8416b261136113e3>
62,:headline,shacl:MinCountConstraintComponent,shacl:Warning,Headline is suggested ,_:n5ed15b711b5b4efa803924a89a930e7db64,<http://portete.invemar.org.co/chm/api/oih/findid/platformgeo/25067e8ddbab23cb28d8850f697c0c73527addcab44119ed13d6840e6591ac0f>
63,:headline,shacl:MinCountConstraintComponent,shacl:Warning,Headline is suggested ,_:n5ed15b711b5b4efa803924a89a930e7db65,<http://portete.invemar.org.co/chm/api/oih/findid/platformgeo/f7d70c60749f7ddfc1f70fbd702ac8bc35fd85a76038063d64c72a6bef59e63e>
64,:headline,shacl:MinCountConstraintComponent,shacl:Warning,Headline is suggested ,_:n5ed15b711b5b4efa803924a89a930e7db66,<http://portete.invemar.org.co/chm/api/oih/findid/platformgeo/a28851741fedb5898550aab67d53036bc00769d84158c788cde173a69704cfd6>
65,:headline,shacl:MinCountConstraintComponent,shacl:Warning,Headline is suggested ,_:n5ed15b711b5b4efa803924a89a930e7db67,<http://portete.invemar.org.co/chm/api/oih/findid/platformgeo/5bcd349fa5fda9ad973e9cc1745ccd008590cd838d7e7d3e3b42fca33499982a>
66,:headline,shacl:MinCountConstraintComponent,shacl:Warning,Headline is suggested ,_:n5ed15b711b5b4efa803924a89a930e7db68,<http://portete.invemar.org.co/chm/api/oih/findid/platformgeo/ffae1472fd334835803fb410f1249e84459c0cb0ce5fc569037b8b04379b4ef9>
67,:headline,shacl:MinCountConstraintComponent,shacl:Warning,Headline is suggested ,_:n5ed15b711b5b4efa803924a89a930e7db69,<http://portete.invemar.org.co/chm/api/oih/findid/platformgeo/7ae61d78379ed728db437e7ec5e9bdc338e86e57fc2e209e7d9c9e1f1d68c431>
68,:headline,shacl:MinCountConstraintComponent,shacl:Warning,Headline is suggested ,_:n5ed15b711b5b4efa803924a89a930e7db70,<http://portete.invemar.org.co/chm/api/oih/findid/platformgeo/b3e95a0d1e806e6a0ccf632306a7729d5ce753f5aa085da1f13ff409c10e0d5a>
69,:headline,shacl:MinCountConstraintComponent,shacl:Warning,Headline is suggested ,_:n5ed15b711b5b4efa803924a89a930e7db71,<http://portete.invemar.org.co/chm/api/oih/findid/platformgeo/a7a0ea88fa26481ecc30c9861d928955cadc2c852b4cd45ce570a46d30e5fcbe>
70,:headline,shacl:MinCountConstraintComponent,shacl:Warning,Headline is suggested ,_:n5ed15b711b5b4efa803924a89a930e7db72,<http://portete.invemar.org.co/chm/api/oih/findid/platformgeo/29ee1725118f6fb406ff3549267899718e5970627f7c58a59e62127faa27ef03>
71,:headline,shacl:MinCountConstraintComponent,shacl:Warning,Headline is suggested ,_:n5ed15b711b5b4efa803924a89a930e7db73,<http://portete.invemar.org.co/chm/api/oih/findid/platformgeo/1598c810fdb36270dd16b2e3530303b6e3d3bd6b741dea0d677f0791e222c42f>
72,:headline,shacl:MinCountConstraintComponent,shacl:Warning,Headline is suggested ,_:n5ed15b711b5b4efa803924a89a930e7db74,<http://portete.invemar.org.co/chm/api/oih/findid/platformgeo/87bf448564559aecc185bd00f210d1df52d524adcceef39c5ac9d41c2a0ea8ab>
73,:headline,shacl:MinCountConstraintComponent,shacl:Warning,Headline is suggested ,_:n5ed15b711b5b4efa803924a89a930e7db75,<http://portete.invemar.org.co/chm/api/oih/findid/platformgeo/50b28c8bf9259d40f518a8ad4dc333d52c954e012d6cf1cf2c68364765a9a4ca>
74,:headline,shacl:MinCountConstraintComponent,shacl:Warning,Headline is suggested ,_:n5ed15b711b5b4efa803924a89a930e7db76,<http://portete.invemar.org.co/chm/api/oih/findid/platformgeo/ecb79ee7a26a6cc00e9b60563c2980a94e3b534824608bb07fbcb086eb21e998>
75,:headline,shacl:MinCountConstraintComponent,shacl:Warning,Headline is suggested ,_:n5ed15b711b5b4efa803924a89a930e7db77,<http://portete.invemar.org.co/chm/api/oih/findid/platformgeo/c0983902292cd72f3501a1b1a1b6b96aacd01fd2e2b2fb5dfe328318d6f25f88>
76,:headline,shacl:MinCountConstraintComponent,shacl:Warning,Headline is suggested ,_:n5ed15b711b5b4efa803924a89a930e7db78,<http://portete.invemar.org.co/chm/api/oih/findid/platformgeo/a53082a6e227bad168df920b62c4d40daef1a4384ca69c4ddfbfb01b6cfa6aa7>
77,:headline,shacl:MinCountConstraintComponent,shacl:Warning,Headline is suggested ,_:n5ed15b711b5b4efa803924a89a930e7db79,<http://portete.invemar.org.co/chm/api/oih/findid/platformgeo/adb8683abc6741112814a0dbb84c863fcb1187bb318ee7063b7b99c2a9ab0c4a>
78,:headline,shacl:MinCountConstraintComponent,shacl:Warning,Headline is suggested ,_:n5ed15b711b5b4efa803924a89a930e7db80,<http://portete.invemar.org.co/chm/api/oih/findid/platformgeo/d4a6e3f8673551e113be09b8f43d0b621297aed17ab0b121a6c946bc2efb4dcf>
79,:headline,shacl:MinCountConstraintComponent,shacl:Warning,Headline is suggested ,_:n5ed15b711b5b4efa803924a89a930e7db81,<http://portete.invemar.org.co/chm/api/oih/findid/platformgeo/9b851a143bdf24ee795a89c6362c169a7daf621bdbcc6a21c053943e888a4445>
80,:headline,shacl:MinCountConstraintComponent,shacl:Warning,Headline is suggested ,_:n5ed15b711b5b4efa803924a89a930e7db82,<http://portete.invemar.org.co/chm/api/oih/findid/platformgeo/7fb94cc01e88dd483421309bb51add357e0ec85d3eb5bfacfe4f453759f90c84>
81,:headline,shacl:MinCountConstraintComponent,shacl:Warning,Headline is suggested ,_:n5ed15b711b5b4efa803924a89a930e7db83,<http://portete.invemar.org.co/chm/api/oih/findid/platformgeo/32050ed66ed774450b5e278bcd345ee46bc10a71e12c3a259f80b5c9567cd400>
82,:headline,shacl:MinCountConstraintComponent,shacl:Warning,Headline is suggested ,_:n5ed15b711b5b4efa803924a89a930e7db84,<http://portete.invemar.org.co/chm/api/oih/findid/platformgeo/21233e0baa04626722aa26493c0c401a3fd043b43009c474f147acca8171fa1c>
83,:headline,shacl:MinCountConstraintComponent,shacl:Warning,Headline is suggested ,_:n5ed15b711b5b4efa803924a89a930e7db85,<http://portete.invemar.org.co/chm/api/oih/findid/platformgeo/ee3c627bf7ae054ccbdbacb16e095e6acb9c51c485735076cb3d490aca7dcead>
84,:headline,shacl:MinCountConstraintComponent,shacl:Warning,Headline is suggested ,_:n5ed15b711b5b4efa803924a89a930e7db86,<http://portete.invemar.org.co/chm/api/oih/findid/platformgeo/2fe34a0a5ba5528e2efe7806feae45b95fa97b99d9e549e01f0584f1c6fa1101>
85,:headline,shacl:MinCountConstraintComponent,shacl:Warning,Headline is suggested ,_:n5ed15b711b5b4efa803924a89a930e7db87,<http://portete.invemar.org.co/chm/api/oih/findid/platformgeo/b37350c081065ce1b92af543e899206a825d92e4c0c6ca5811387b0c46542fe5>
86,:headline,shacl:MinCountConstraintComponent,shacl:Warning,Headline is suggested ,_:n5ed15b711b5b4efa803924a89a930e7db88,<http://portete.invemar.org.co/chm/api/oih/findid/platformgeo/a6fa9cf59c16763130a744e44ff02807b17624f4374bbd793a96b707f139f807>
87,:headline,shacl:MinCountConstraintComponent,shacl:Warning,Headline is suggested ,_:n5ed15b711b5b4efa803924a89a930e7db89,<http://portete.invemar.org.co/chm/api/oih/findid/platformgeo/889edd44a99b0f19794b39f0ef00b4dc4201c14a978af3fe561a4259d9e8b977>
88,:headline,shacl:MinCountConstraintComponent,shacl:Warning,Headline is suggested ,_:n5ed15b711b5b4efa803924a89a930e7db90,<http://portete.invemar.org.co/chm/api/oih/findid/platformgeo/a93809a1feb04fd8210bfa22834a0831a8ae8a2263d46cd8a8870418d7a68126>
89,:headline,shacl:MinCountConstraintComponent,shacl:Warning,Headline is suggested ,_:n5ed15b711b5b4efa803924a89a930e7db91,<http://portete.invemar.org.co/chm/api/oih/29585f9d103c4def1eb56270fea6f629b7f012dd36890bb90a470ac3b358abd3>
90,:headline,shacl:MinCountConstraintComponent,shacl:Warning,Headline is suggested ,_:n5ed15b711b5b4efa803924a89a930e7db92,<http://portete.invemar.org.co/chm/api/oih/findid/platformgeo/6540e82942c62662b875ccb561858326149f99870e13eb348e26ea992b61c85c>
91,:headline,shacl:MinCountConstraintComponent,shacl:Warning,Headline is suggested ,_:n5ed15b711b5b4efa803924a89a930e7db93,<http://portete.invemar.org.co/chm/api/oih/findid/platformgeo/52e7aa4554ff8f421100d33033a91ef757f34a0c0c16809eb3218b691a7c29a2>
92,:headline,shacl:MinCountConstraintComponent,shacl:Warning,Headline is suggested ,_:n5ed15b711b5b4efa803924a89a930e7db94,<http://portete.invemar.org.co/chm/api/oih/findid/platformgeo/74a62ea63fd7334ab6989e6edbfd9ab14a98ae96f31ea56404970db25aa6fd5f>
93,:headline,shacl:MinCountConstraintComponent,shacl:Warning,Headline is suggested ,_:n5ed15b711b5b4efa803924a89a930e7db95,<http://portete.invemar.org.co/chm/api/oih/findid/platformgeo/3f1c919ea2bf79807784d2c47f6c183c90ffdfa9338110f62c00aeda9776c53f>
94,:headline,shacl:MinCountConstraintComponent,shacl:Warning,Headline is suggested ,_:n5ed15b711b5b4efa803924a89a930e7db96,<http://portete.invemar.org.co/chm/api/oih/findid/platformgeo/454ad7341334ed996505c1003d7ef849a0420f5e57aafcbe23991e5de1c73828>
95,:headline,shacl:MinCountConstraintComponent,shacl:Warning,Headline is suggested ,_:n5ed15b711b5b4efa803924a89a930e7db97,<http://portete.invemar.org.co/chm/api/oih/findid/platformgeo/8fae59699bbb1c97a4c67389bda8d07341d09bfbf8e8bfcc31685713ab7ccbb0>
96,:headline,shacl:MinCountConstraintComponent,shacl:Warning,Headline is suggested ,_:n5ed15b711b5b4efa803924a89a930e7db98,<http://portete.invemar.org.co/chm/api/oih/findid/platformgeo/2546b61dd4207dd32a857c857c329178165b4b7b4619727063ace3428e10617d>
97,:headline,shacl:MinCountConstraintComponent,shacl:Warning,Headline is suggested ,_:n5ed15b711b5b4efa803924a89a930e7db99,<http://portete.invemar.org.co/chm/api/oih/findid/platformgeo/119d93d003439295860f9e72d377705163e48499d83f0de0f659da1c3ab63262>
98,:headline,shacl:MinCountConstraintComponent,shacl:Warning,Headline is suggested ,_:n5ed15b711b5b4efa803924a89a930e7db100,<http://portete.invemar.org.co/chm/api/oih/findid/platformgeo/be26714386205e042a0c9acf4d28c78d8dc26d4e1a658d0122ba1f1786c6cbe6>
99,:headline,shacl:MinCountConstraintComponent,shacl:Warning,Headline is suggested ,_:n5ed15b711b5b4efa803924a89a930e7db101,<http://portete.invemar.org.co/chm/api/oih/findid/platformgeo/e3f5c801a48067338de668f85f692bd57ab3be80a03b7776fcbb9925ab709cd4>
100,:headline,shacl:MinCountConstraintComponent,shacl:Warning,Headline is suggested ,_:n5ed15b711b5b4efa803924a89a930e7db102,<http://portete.invemar.org.co/chm/api/oih/findid/platformgeo/4e7eaea0c02cff30d6d8b2ac15635863da03c27ffb95f93054e34cce06741cb5>
101,:headline,shacl:MinCountConstraintComponent,shacl:Warning,Headline is suggested ,_:n5ed15b711b5b4efa803924a89a930e7db103,<http://portete.invemar.org.co/chm/api/oih/findid/platformgeo/cfeaaf7259625f4a4c9d68db512f0be5d695f0fae87fd30d08f783273b450729>
102,:headline,shacl:MinCountConstraintComponent,shacl:Warning,Headline is suggested ,_:n5ed15b711b5b4efa803924a89a930e7db104,<http://portete.invemar.org.co/chm/api/oih/findid/platformgeo/19fe1df1227f9d2fd541bcabd69e4dd4f0f3a77210b57e8d18db10c7d38cf4f4>
103,:headline,shacl:MinCountConstraintComponent,shacl:Warning,Headline is suggested ,_:n5ed15b711b5b4efa803924a89a930e7db105,<http://portete.invemar.org.co/chm/api/oih/findid/platformgeo/f1593b1e6f474ce623b17627b0b13cc83850cfa01d6f5bd7016bcf45003b3cab>
104,:headline,shacl:MinCountConstraintComponent,shacl:Warning,Headline is suggested ,_:n5ed15b711b5b4efa803924a89a930e7db106,<http://portete.invemar.org.co/chm/api/oih/findid/platformgeo/98b6f480adae668a9e199d5bed04617e58dff10ae0f9e3a49c533ee8777fd5f2>
105,:url,shacl:MinCountConstraintComponent,shacl:Violation,URL required for the location of a page describing the resource,_:n5ed15b711b5b4efa803924a89a930e7db107,<http://portete.invemar.org.co/chm/api/oih/29585f9d103c4def1eb56270fea6f629b7f012dd36890bb90a470ac3b358abd3>
106,:headline,shacl:MinCountConstraintComponent,shacl:Warning,Headline is suggested ,_:n5ed15b711b5b4efa803924a89a930e7db108,<http://portete.invemar.org.co/chm/api/oih/findid/platformgeo/d90644ce674c29650f57ccb270b8347d109d867d529946a97c3ba84b41377e44>
107,:headline,shacl:MinCountConstraintComponent,shacl:Warning,Headline is suggested ,_:n5ed15b711b5b4efa803924a89a930e7db109,<http://portete.invemar.org.co/chm/api/oih/findid/platformgeo/f289efde384484515229b97175725ca5b9f3930a3c67d2f08c62e2823ae38d63>
108,:headline,shacl:MinCountConstraintComponent,shacl:Warning,Headline is suggested ,_:n5ed15b711b5b4efa803924a89a930e7db110,<http://portete.invemar.org.co/chm/api/oih/findid/platformgeo/3061fc5ae64889ce22815e20c1b9685c9eefe9efa374c7f6b59d98bab059721a>
109,:headline,shacl:MinCountConstraintComponent,shacl:Warning,Headline is suggested ,_:n5ed15b711b5b4efa803924a89a930e7db111,<http://portete.invemar.org.co/chm/api/oih/findid/platformgeo/1eeb7694a137277f959f6a05f4efe50f1b7037d52f666ecba6bd31ee63c760c8>
110,:headline,shacl:MinCountConstraintComponent,shacl:Warning,Headline is suggested ,_:n5ed15b711b5b4efa803924a89a930e7db112,<http://portete.invemar.org.co/chm/api/oih/findid/platformgeo/e7aabbe79eb2f889938012317e4eaa96db98940383f1d9546b1ad52075e4882c>
111,:headline,shacl:MinCountConstraintComponent,shacl:Warning,Headline is suggested ,_:n5ed15b711b5b4efa803924a89a930e7db113,<http://portete.invemar.org.co/chm/api/oih/findid/platformgeo/d781faba01d31239e03f67a965d0c16ff8f297809ee662548ca2c2194a8c0cef>
112,:headline,shacl:MinCountConstraintComponent,shacl:Warning,Headline is suggested ,_:n5ed15b711b5b4efa803924a89a930e7db114,<http://portete.invemar.org.co/chm/api/oih/findid/platformgeo/6d3631bbf08321ebe04b970369ca822827bd8f35161b869bfe4915ad5cb93e54>
113,:headline,shacl:MinCountConstraintComponent,shacl:Warning,Headline is suggested ,_:n5ed15b711b5b4efa803924a89a930e7db115,<http://portete.invemar.org.co/chm/api/oih/findid/platformgeo/662d2a647cec3e29cc615a1b70f62afc0c40e1966c04aa0b102f9d0fadb16c72>
114,:headline,shacl:MinCountConstraintComponent,shacl:Warning,Headline is suggested ,_:n5ed15b711b5b4efa803924a89a930e7db116,<http://portete.invemar.org.co/chm/api/oih/findid/platformgeo/32b056c8c85f3c8067bf5b513c0508f5c7edcc04c0ef1997e1ac33dbddf99fe9>
115,:headline,shacl:MinCountConstraintComponent,shacl:Warning,Headline is suggested ,_:n5ed15b711b5b4efa803924a89a930e7db117,<http://portete.invemar.org.co/chm/api/oih/findid/platformgeo/9c64fef1c0806087a46e94c1cd236c9fb490459382c01ca6a797c85a81adc0bd>
116,:headline,shacl:MinCountConstraintComponent,shacl:Warning,Headline is suggested ,_:n5ed15b711b5b4efa803924a89a930e7db118,<http://portete.invemar.org.co/chm/api/oih/findid/platformgeo/355f4b35f58dbf692789016310516b916809a464534646f9c18756210cafc551>
117,:headline,shacl:MinCountConstraintComponent,shacl:Warning,Headline is suggested ,_:n5ed15b711b5b4efa803924a89a930e7db119,<http://portete.invemar.org.co/chm/api/oih/findid/platformgeo/7b6f1129f18ef6ca0e38cac2c9f24c889dcbb7e94c2b00a4d889c8a0375f7f15>
118,:headline,shacl:MinCountConstraintComponent,shacl:Warning,Headline is suggested ,_:n5ed15b711b5b4efa803924a89a930e7db120,<http://portete.invemar.org.co/chm/api/oih/findid/platformgeo/f498403b08d4c31afe4fda617351bcfc458299e0ddf833e62c77701f345ff1dc>
119,:headline,shacl:MinCountConstraintComponent,shacl:Warning,Headline is suggested ,_:n5ed15b711b5b4efa803924a89a930e7db121,<http://portete.invemar.org.co/chm/api/oih/findid/platformgeo/b1b4c54800a85282ee69378994e62c397ee96eec80bb3ebb37f319e79f0c742c>
120,:headline,shacl:MinCountConstraintComponent,shacl:Warning,Headline is suggested ,_:n5ed15b711b5b4efa803924a89a930e7db122,<http://portete.invemar.org.co/chm/api/oih/findid/platformgeo/d7dedd4e8de7a718bdde4a4564649d8c2241add611302290d4394a0bc0b871ba>
121,:headline,shacl:MinCountConstraintComponent,shacl:Warning,Headline is suggested ,_:n5ed15b711b5b4efa803924a89a930e7db123,<http://portete.invemar.org.co/chm/api/oih/findid/platformgeo/0312af61b8163addab83c07d66a59704f75fb6260ad303ad8cbc546b3c2dedb5>
122,:headline,shacl:MinCountConstraintComponent,shacl:Warning,Headline is suggested ,_:n5ed15b711b5b4efa803924a89a930e7db124,<http://portete.invemar.org.co/chm/api/oih/findid/platformgeo/350a225e86f02c12ca6be6be553889b3b9ce2080bb5a8680631cd05eb1d82f40>
123,:headline,shacl:MinCountConstraintComponent,shacl:Warning,Headline is suggested ,_:n5ed15b711b5b4efa803924a89a930e7db125,<http://portete.invemar.org.co/chm/api/oih/findid/platformgeo/fa92e614b4f4bcde63254bf49cd5ca1bcf8e2319a6ebfeb28294c2301bd27488>
124,:headline,shacl:MinCountConstraintComponent,shacl:Warning,Headline is suggested ,_:n5ed15b711b5b4efa803924a89a930e7db126,<http://portete.invemar.org.co/chm/api/oih/findid/platformgeo/32df6b3d7f89f02ecd4ba86184d4b2a1b36be4149de726a492f1ab0d2641cc74>
125,:headline,shacl:MinCountConstraintComponent,shacl:Warning,Headline is suggested ,_:n5ed15b711b5b4efa803924a89a930e7db127,<http://portete.invemar.org.co/chm/api/oih/findid/platformgeo/1eb035a3e35828085033bcf2fd2001edc417e4f2c2fbd8d9fed05b0716a2872e>
126,:headline,shacl:MinCountConstraintComponent,shacl:Warning,Headline is suggested ,_:n5ed15b711b5b4efa803924a89a930e7db128,<http://portete.invemar.org.co/chm/api/oih/findid/platformgeo/ff8f6c0399491fe1999147259824c7646f235a0d65c7a2dcf848e6229e604d7d>
127,:headline,shacl:MinCountConstraintComponent,shacl:Warning,Headline is suggested ,_:n5ed15b711b5b4efa803924a89a930e7db129,<http://portete.invemar.org.co/chm/api/oih/findid/platformgeo/19271d8bbfd2a7f86904513ab7f3144b2be4fb75d1e3d5b388dd9177ea0bdaac>
128,:headline,shacl:MinCountConstraintComponent,shacl:Warning,Headline is suggested ,_:n5ed15b711b5b4efa803924a89a930e7db130,<http://portete.invemar.org.co/chm/api/oih/findid/platformgeo/bd99c128a275a1364caf4742022852fa9e077d967b60c2fe578a2974c2f02364>
129,:headline,shacl:MinCountConstraintComponent,shacl:Warning,Headline is suggested ,_:n5ed15b711b5b4efa803924a89a930e7db131,<http://portete.invemar.org.co/chm/api/oih/findid/platformgeo/8e646621ad5eb6619a03407e10625469f8bad04aead1bd059e59fa786ab10810>
130,:headline,shacl:MinCountConstraintComponent,shacl:Warning,Headline is suggested ,_:n5ed15b711b5b4efa803924a89a930e7db132,<http://portete.invemar.org.co/chm/api/oih/findid/platformgeo/9e61f3060789dc56c26d849f69f74da3d7f96cbf44595d3730fbac2a6ef1d39c>
131,:headline,shacl:MinCountConstraintComponent,shacl:Warning,Headline is suggested ,_:n5ed15b711b5b4efa803924a89a930e7db133,<http://portete.invemar.org.co/chm/api/oih/findid/platformgeo/7949f9c2e312b72ca854f4d57f4c198ab349d770f0a1bb8d4389962a05a7a1a5>
132,:headline,shacl:MinCountConstraintComponent,shacl:Warning,Headline is suggested ,_:n5ed15b711b5b4efa803924a89a930e7db134,<http://portete.invemar.org.co/chm/api/oih/findid/platformgeo/e4fbfec6532277320111cb6865d64d549aa11f71ac1ba7aaab92a5fbbccd8db8>
133,:headline,shacl:MinCountConstraintComponent,shacl:Warning,Headline is suggested ,_:n5ed15b711b5b4efa803924a89a930e7db135,<http://portete.invemar.org.co/chm/api/oih/findid/platformgeo/5f0060542c457e69d2ee239225a4529c26fe88e7fa1b1ac33680e67fd46be805>
134,:headline,shacl:MinCountConstraintComponent,shacl:Warning,Headline is suggested ,_:n5ed15b711b5b4efa803924a89a930e7db136,<http://portete.invemar.org.co/chm/api/oih/findid/platformgeo/6bba1c9749b02a3172029b844e7049fe6646d203e40fa4bc1a83d36f3ad0f891>
135,:headline,shacl:MinCountConstraintComponent,shacl:Warning,Headline is suggested ,_:n5ed15b711b5b4efa803924a89a930e7db137,<http://portete.invemar.org.co/chm/api/oih/findid/platformgeo/6196809fa52facf5bab77a46f7d70b14de986705d54e94da682302394007042e>
136,:headline,shacl:MinCountConstraintComponent,shacl:Warning,Headline is suggested ,_:n5ed15b711b5b4efa803924a89a930e7db138,<http://portete.invemar.org.co/chm/api/oih/findid/platformgeo/9f44800590e1f8f43045ad1ee09908edd82bc8b4ae6d0db975d5bf2d70deb13c>
137,:headline,shacl:MinCountConstraintComponent,shacl:Warning,Headline is suggested ,_:n5ed15b711b5b4efa803924a89a930e7db139,<http://portete.invemar.org.co/chm/api/oih/findid/platformgeo/3a867dc69098a4b08dc122747fe138d0ec065c30180dbaa639f82e2406ba1bfe>
138,:headline,shacl:MinCountConstraintComponent,shacl:Warning,Headline is suggested ,_:n5ed15b711b5b4efa803924a89a930e7db140,<http://portete.invemar.org.co/chm/api/oih/findid/platformgeo/a4995ed848522f74871b2d281f4c734253d15be78ba35e9b8983d5fc1a5cb2b9>
139,:headline,shacl:MinCountConstraintComponent,shacl:Warning,Headline is suggested ,_:n5ed15b711b5b4efa803924a89a930e7db141,<http://portete.invemar.org.co/chm/api/oih/findid/platformgeo/d993e688e1c66771137402907ed2c7a8ff1aca53e2e08712d9f8e0d3739f2e3a>
140,:headline,shacl:MinCountConstraintComponent,shacl:Warning,Headline is suggested ,_:n5ed15b711b5b4efa803924a89a930e7db142,<http://portete.invemar.org.co/chm/api/oih/findid/platformgeo/2c666b43d45cc4fa59f0753f5d30ad02bf384a7b5ad8e80ca9f54f3346c3b9a3>
141,:headline,shacl:MinCountConstraintComponent,shacl:Warning,Headline is suggested ,_:n5ed15b711b5b4efa803924a89a930e7db143,<http://portete.invemar.org.co/chm/api/oih/findid/platformgeo/43e8372d5f00f733ad9b785ead43e859fd434c2e0486ba969b8e61a61ff43392>
142,:headline,shacl:MinCountConstraintComponent,shacl:Warning,Headline is suggested ,_:n5ed15b711b5b4efa803924a89a930e7db144,<http://portete.invemar.org.co/chm/api/oih/findid/platformgeo/3170f52f571a18fb074b22057e075c7648ea3e5d2230f8f5de9f130adc66fde7>
143,:headline,shacl:MinCountConstraintComponent,shacl:Warning,Headline is suggested ,_:n5ed15b711b5b4efa803924a89a930e7db145,<http://portete.invemar.org.co/chm/api/oih/findid/platformgeo/97b3b893999f5ae176e3d150ff7be5f6bfd44c159ca2860a41559fd5fec9ebc3>
144,:headline,shacl:MinCountConstraintComponent,shacl:Warning,Headline is suggested ,_:n5ed15b711b5b4efa803924a89a930e7db146,<http://portete.invemar.org.co/chm/api/oih/findid/platformgeo/a9f4d4d8e2489146646b63bdfbdf171ffcc361ca820d086ee0d1c0c83d94e6af>
145,:headline,shacl:MinCountConstraintComponent,shacl:Warning,Headline is suggested ,_:n5ed15b711b5b4efa803924a89a930e7db147,<http://portete.invemar.org.co/chm/api/oih/findid/platformgeo/8dc9bc08dab14afb5a11f1dd717a71bb27507e6a14098c8c9c3f81cb93b5245c>
146,:headline,shacl:MinCountConstraintComponent,shacl:Warning,Headline is suggested ,_:n5ed15b711b5b4efa803924a89a930e7db148,<http://portete.invemar.org.co/chm/api/oih/findid/platformgeo/536f080fb377e90d3b9008370ce95f6ee9b14d93e4c2a5da1a632fd18316cecc>
147,:headline,shacl:MinCountConstraintComponent,shacl:Warning,Headline is suggested ,_:n5ed15b711b5b4efa803924a89a930e7db149,<http://portete.invemar.org.co/chm/api/oih/findid/platformgeo/c983a548fa44bc60bc89356318271919490f9a315cc82b7f61fe513a43f0f2c7>
148,:headline,shacl:MinCountConstraintComponent,shacl:Warning,Headline is suggested ,_:n5ed15b711b5b4efa803924a89a930e7db150,<http://portete.invemar.org.co/chm/api/oih/findid/platformgeo/62a7337b25ed8943468fcc9498bbcb0188589fe22a1586bc0c761952fa4f15af>
149,:headline,shacl:MinCountConstraintComponent,shacl:Warning,Headline is suggested ,_:n5ed15b711b5b4efa803924a89a930e7db151,<http://portete.invemar.org.co/chm/api/oih/findid/platformgeo/3510a5aa2db9d5e9e5fd12692367e5b001758305f98d4be964c3d9c8724537b4>
150,:headline,shacl:MinCountConstraintComponent,shacl:Warning,Headline is suggested ,_:n5ed15b711b5b4efa803924a89a930e7db152,<http://portete.invemar.org.co/chm/api/oih/findid/platformgeo/bed44cdd3958558a3bbbd59484b5d10429b61033eb004bc23e9c273a8474f48b>
151,:headline,shacl:MinCountConstraintComponent,shacl:Warning,Headline is suggested ,_:n5ed15b711b5b4efa803924a89a930e7db153,<http://portete.invemar.org.co/chm/api/oih/findid/platformgeo/d3f19a517312c41f1b57d053286808361112fcac3c52a596829d48f3f302f8e3>
152,:headline,shacl:MinCountConstraintComponent,shacl:Warning,Headline is suggested ,_:n5ed15b711b5b4efa803924a89a930e7db154,<http://portete.invemar.org.co/chm/api/oih/findid/platformgeo/c6436ee16f1c90264aa84edae8b4d206b69f08f068342ad50dc799d212ed0004>
153,:headline,shacl:MinCountConstraintComponent,shacl:Warning,Headline is suggested ,_:n5ed15b711b5b4efa803924a89a930e7db155,<http://portete.invemar.org.co/chm/api/oih/findid/platformgeo/cd03b68a52bf8fd7a354af180568cfeda19d7c060524b1225ba47fe23cf94c8a>
154,:headline,shacl:MinCountConstraintComponent,shacl:Warning,Headline is suggested ,_:n5ed15b711b5b4efa803924a89a930e7db156,<http://portete.invemar.org.co/chm/api/oih/findid/platformgeo/184b3152dc99845ca4d1283d2f75db3d7b18fcd9347934f3bc4e5e6cfbb20e17>
155,:headline,shacl:MinCountConstraintComponent,shacl:Warning,Headline is suggested ,_:n5ed15b711b5b4efa803924a89a930e7db157,<http://portete.invemar.org.co/chm/api/oih/findid/platformgeo/7d82a89bdf540c76a9bdb5b4a5d78b3da0ab99e2801102168ffe39297288bf4f>
156,:headline,shacl:MinCountConstraintComponent,shacl:Warning,Headline is suggested ,_:n5ed15b711b5b4efa803924a89a930e7db158,<http://portete.invemar.org.co/chm/api/oih/findid/platformgeo/2c1e7eb1e1dd1c1e37f6720742e4b2478d00db3ed637dc4538c2ff0e0521e3d4>
157,:headline,shacl:MinCountConstraintComponent,shacl:Warning,Headline is suggested ,_:n5ed15b711b5b4efa803924a89a930e7db159,<http://portete.invemar.org.co/chm/api/oih/findid/platformgeo/e5fd6a34e29fe886ab14bba288bb76882fb694e87375e3b44b70f72d64ad2cae>
158,:headline,shacl:MinCountConstraintComponent,shacl:Warning,Headline is suggested ,_:n5ed15b711b5b4efa803924a89a930e7db160,<http://portete.invemar.org.co/chm/api/oih/findid/platformgeo/a72c831ccb19b3fed9fbf3ccb23e4637f5be1af3bd6af9c6662bf6de9f58fd22>
159,:headline,shacl:MinCountConstraintComponent,shacl:Warning,Headline is suggested ,_:n5ed15b711b5b4efa803924a89a930e7db161,<http://portete.invemar.org.co/chm/api/oih/findid/platformgeo/f01fd658ff03ebf68b1aa33cb74b0988baf2f464e8d4d7f8fe9bad8df10f9913>
160,:headline,shacl:MinCountConstraintComponent,shacl:Warning,Headline is suggested ,_:n5ed15b711b5b4efa803924a89a930e7db162,<http://portete.invemar.org.co/chm/api/oih/findid/platformgeo/79e23cde455890b29b656b5b0f46ca558fa2c71fbcb862c71f4d9fcf7c650ad8>
161,:headline,shacl:MinCountConstraintComponent,shacl:Warning,Headline is suggested ,_:n5ed15b711b5b4efa803924a89a930e7db163,<http://portete.invemar.org.co/chm/api/oih/findid/platformgeo/f1d4fd9b76a476c8ac00fd24836e32bfed4c5e049cd4b9a580579e67f7639485>
162,:headline,shacl:MinCountConstraintComponent,shacl:Warning,Headline is suggested ,_:n5ed15b711b5b4efa803924a89a930e7db164,<http://portete.invemar.org.co/chm/api/oih/findid/platformgeo/b700bdd2d0dd7b867730e9fe232d605d3edbc6cce6464379268c0dd2862e31e5>
163,:headline,shacl:MinCountConstraintComponent,shacl:Warning,Headline is suggested ,_:n5ed15b711b5b4efa803924a89a930e7db165,<http://portete.invemar.org.co/chm/api/oih/findid/platformgeo/2399bb8df0254b228b2cbd93e549a021d00835aee0bc57c5e387a497d1b13475>
164,:headline,shacl:MinCountConstraintComponent,shacl:Warning,Headline is suggested ,_:n5ed15b711b5b4efa803924a89a930e7db166,<http://portete.invemar.org.co/chm/api/oih/findid/platformgeo/a85b94ba67bc93ffb08c72d966e370f4740a12bcb40f8684d96c430fc49b998e>
165,:headline,shacl:MinCountConstraintComponent,shacl:Warning,Headline is suggested ,_:n5ed15b711b5b4efa803924a89a930e7db167,<http://portete.invemar.org.co/chm/api/oih/findid/platformgeo/87580a14dfc32425e0eebd9e40b0ef94d3c8d922aece07137c780debed9d47b6>
166,:headline,shacl:MinCountConstraintComponent,shacl:Warning,Headline is suggested ,_:n5ed15b711b5b4efa803924a89a930e7db168,<http://portete.invemar.org.co/chm/api/oih/findid/platformgeo/62b73177889525f45b8f421fe2c925ba8b09db34da78fe863546e0253ff6f8c8>
167,:headline,shacl:MinCountConstraintComponent,shacl:Warning,Headline is suggested ,_:n5ed15b711b5b4efa803924a89a930e7db169,<http://portete.invemar.org.co/chm/api/oih/findid/platformgeo/678761bfbaa816083df60f7db947e9efceab477c341ce648eb6d802d8872f5f7>
168,:headline,shacl:MinCountConstraintComponent,shacl:Warning,Headline is suggested ,_:n5ed15b711b5b4efa803924a89a930e7db170,<http://portete.invemar.org.co/chm/api/oih/findid/platformgeo/68281346ebd85e2378987bec89a49de13bfa0974c783feae6e788fc442992782>
169,:headline,shacl:MinCountConstraintComponent,shacl:Warning,Headline is suggested ,_:n5ed15b711b5b4efa803924a89a930e7db171,<http://portete.invemar.org.co/chm/api/oih/findid/platformgeo/1b0c315fb35d564841a17763d4cd3e510316b3654f5637241db4d178645ab7cd>
170,:headline,shacl:MinCountConstraintComponent,shacl:Warning,Headline is suggested ,_:n5ed15b711b5b4efa803924a89a930e7db172,<http://portete.invemar.org.co/chm/api/oih/findid/platformgeo/07ca7860c3d99d9645a853fa6a27c9a5f43a58c01b1bbb374c76e6e816d47f86>
171,:headline,shacl:MinCountConstraintComponent,shacl:Warning,Headline is suggested ,_:n5ed15b711b5b4efa803924a89a930e7db173,<http://portete.invemar.org.co/chm/api/oih/findid/platformgeo/2925856a287e0b5f549ceb48c455a76f6e294f75de9aa405a06c3d2aaf8c7114>
172,:headline,shacl:MinCountConstraintComponent,shacl:Warning,Headline is suggested ,_:n5ed15b711b5b4efa803924a89a930e7db174,<http://portete.invemar.org.co/chm/api/oih/findid/platformgeo/22e6ab98a7b7c93f9bc37c5d3b6452d3a4df1c2860b3fc6e8f822bcc7248a998>
173,:headline,shacl:MinCountConstraintComponent,shacl:Warning,Headline is suggested ,_:n5ed15b711b5b4efa803924a89a930e7db175,<http://portete.invemar.org.co/chm/api/oih/findid/platformgeo/5f6cb2cebda57675224a9d72f108e2f1b9db7fcdd63da419f6ed6fb76b756ddb>
174,:headline,shacl:MinCountConstraintComponent,shacl:Warning,Headline is suggested ,_:n5ed15b711b5b4efa803924a89a930e7db176,<http://portete.invemar.org.co/chm/api/oih/findid/platformgeo/89bc47a03a95e1d05aecacb9dc08dd8aea52577ba3a193ef27dfb1ae096daf83>
175,:headline,shacl:MinCountConstraintComponent,shacl:Warning,Headline is suggested ,_:n5ed15b711b5b4efa803924a89a930e7db177,<http://portete.invemar.org.co/chm/api/oih/findid/platformgeo/68dbd73547d1dea64fdf0c7273a4c92f12d3c6a438a0de010fffebc0dd7fdd72>
176,:headline,shacl:MinCountConstraintComponent,shacl:Warning,Headline is suggested ,_:n5ed15b711b5b4efa803924a89a930e7db178,<http://portete.invemar.org.co/chm/api/oih/findid/platformgeo/a193c24d808a4047407c859e916db5dd2f89077bc8b33afb7122b23b12c610d9>
177,:description,shacl:MinCountConstraintComponent,shacl:Violation,Resource must have a description,_:n5ed15b711b5b4efa803924a89a930e7db179,<http://portete.invemar.org.co/chm/api/oih/platformgeo#022a05fdba63f907af3ed6f0b54c167806e2f3300def6783be050792a4f8e8e9>
178,:headline,shacl:MinCountConstraintComponent,shacl:Warning,Headline is suggested ,_:n5ed15b711b5b4efa803924a89a930e7db180,<http://portete.invemar.org.co/chm/api/oih/findid/platformgeo/8c5efc6fdc072d7d0018040b77f2e1452a8be0f8a5efb340956011220d99e384>
179,:headline,shacl:MinCountConstraintComponent,shacl:Warning,Headline is suggested ,_:n5ed15b711b5b4efa803924a89a930e7db181,<http://portete.invemar.org.co/chm/api/oih/findid/platformgeo/53c708c40c24a9fa4c1b28a72ce4efedbe95b2cd9a1cd5c072175d743ff71418>
180,:headline,shacl:MinCountConstraintComponent,shacl:Warning,Headline is suggested ,_:n5ed15b711b5b4efa803924a89a930e7db182,<http://portete.invemar.org.co/chm/api/oih/findid/platformgeo/9ababe65e1fe9f7cc12088eb2e10af988f3383d957bf617a7aff030f27dc8cf4>
181,:headline,shacl:MinCountConstraintComponent,shacl:Warning,Headline is suggested ,_:n5ed15b711b5b4efa803924a89a930e7db183,<http://portete.invemar.org.co/chm/api/oih/findid/platformgeo/455059fbc0450809bd527529ca14d6dfb64e184b66794ec8aa1f2ba15f46d871>
182,:headline,shacl:MinCountConstraintComponent,shacl:Warning,Headline is suggested ,_:n5ed15b711b5b4efa803924a89a930e7db184,<http://portete.invemar.org.co/chm/api/oih/findid/platformgeo/dcde991a8f0530fe43e222e0a263c8e209d98560f6e9d6c11e1b3d5cbf7a6bd2>
183,:headline,shacl:MinCountConstraintComponent,shacl:Warning,Headline is suggested ,_:n5ed15b711b5b4efa803924a89a930e7db185,<http://portete.invemar.org.co/chm/api/oih/findid/platformgeo/2c4fec066dde4423296b8885ead33393e9953516e48dd7be3c0b75d7d687ce1c>
184,:headline,shacl:MinCountConstraintComponent,shacl:Warning,Headline is suggested ,_:n5ed15b711b5b4efa803924a89a930e7db186,<http://portete.invemar.org.co/chm/api/oih/findid/platformgeo/a1ba22f84830bcaa35ae8dc8493926ff2f6a9ba13100d350248fafb74ac31ee9>
185,:headline,shacl:MinCountConstraintComponent,shacl:Warning,Headline is suggested ,_:n5ed15b711b5b4efa803924a89a930e7db187,<http://portete.invemar.org.co/chm/api/oih/findid/platformgeo/d06eadc5f2788ca01ee01d49415bb46bda17c1c0d4d81b4853b6961cb528407b>
186,:headline,shacl:MinCountConstraintComponent,shacl:Warning,Headline is suggested ,_:n5ed15b711b5b4efa803924a89a930e7db188,<http://portete.invemar.org.co/chm/api/oih/findid/platformgeo/bf9aac8704135407dd0e6270fa9151c0d92a1519e8408c2ee1a1ce8daab892b9>
187,:headline,shacl:MinCountConstraintComponent,shacl:Warning,Headline is suggested ,_:n5ed15b711b5b4efa803924a89a930e7db189,<http://portete.invemar.org.co/chm/api/oih/findid/platformgeo/650daa568a13156d2beda92b7780856cbb8273dc1cfc4340ff0c35b37bc89a3c>
188,:headline,shacl:MinCountConstraintComponent,shacl:Warning,Headline is suggested ,_:n5ed15b711b5b4efa803924a89a930e7db190,<http://portete.invemar.org.co/chm/api/oih/findid/platformgeo/7cff69077a6088cec2f19c8aec33d3d47bc0ef48afadf7c03359017006661fba>
189,:headline,shacl:MinCountConstraintComponent,shacl:Warning,Headline is suggested ,_:n5ed15b711b5b4efa803924a89a930e7db191,<http://portete.invemar.org.co/chm/api/oih/findid/platformgeo/aa720b019dc9c0d3751ec993b8168dbbf9effbe09e5a7a15602b9d138b14ccda>
190,:headline,shacl:MinCountConstraintComponent,shacl:Warning,Headline is suggested ,_:n5ed15b711b5b4efa803924a89a930e7db192,<http://portete.invemar.org.co/chm/api/oih/findid/platformgeo/9da2733f81b67625f1bfda359a2cbd093f0a8a2dad9eb07e1f97e81dd5bd7e9e>
191,:headline,shacl:MinCountConstraintComponent,shacl:Warning,Headline is suggested ,_:n5ed15b711b5b4efa803924a89a930e7db193,<http://portete.invemar.org.co/chm/api/oih/findid/platformgeo/83efc263e8228e90a2aac2e0db9d2a4ad7631a058f27523141b714aca1be6b10>
192,:headline,shacl:MinCountConstraintComponent,shacl:Warning,Headline is suggested ,_:n5ed15b711b5b4efa803924a89a930e7db194,<http://portete.invemar.org.co/chm/api/oih/findid/platformgeo/ee82d66014ba5f53750b39d59736a1a860aac325789c654e6723fffb99117104>
193,:headline,shacl:MinCountConstraintComponent,shacl:Warning,Headline is suggested ,_:n5ed15b711b5b4efa803924a89a930e7db195,<http://portete.invemar.org.co/chm/api/oih/findid/platformgeo/6d11d5229c1a5141da1d2c39d1eb306ff71ef8a723a7fe760059df3d59635dc3>
194,:headline,shacl:MinCountConstraintComponent,shacl:Warning,Headline is suggested ,_:n5ed15b711b5b4efa803924a89a930e7db196,<http://portete.invemar.org.co/chm/api/oih/findid/platformgeo/6efffad9e8c50cedc850ab708e9f98ac9dbd2e9000a2e4a135b812821c5c644a>
195,:headline,shacl:MinCountConstraintComponent,shacl:Warning,Headline is suggested ,_:n5ed15b711b5b4efa803924a89a930e7db197,<http://portete.invemar.org.co/chm/api/oih/findid/platformgeo/4fbe23c3be1cd1db631df59ff14fea97673239ed024a224d496a1d241226899e>
196,:headline,shacl:MinCountConstraintComponent,shacl:Warning,Headline is suggested ,_:n5ed15b711b5b4efa803924a89a930e7db198,<http://portete.invemar.org.co/chm/api/oih/findid/platformgeo/bf776cfec366163d1b3b3b43f2454c3750b4e9adcd5b9f7b11835d90af5ce41d>
197,:headline,shacl:MinCountConstraintComponent,shacl:Warning,Headline is suggested ,_:n5ed15b711b5b4efa803924a89a930e7db199,<http://portete.invemar.org.co/chm/api/oih/findid/platformgeo/133c1a6da5dda176df779d5f597be696487df7331789b82c66a08259b7057fc8>
198,:headline,shacl:MinCountConstraintComponent,shacl:Warning,Headline is suggested ,_:n5ed15b711b5b4efa803924a89a930e7db200,<http://portete.invemar.org.co/chm/api/oih/findid/platformgeo/d3bee14085d01707cfd714deb2727b9e57d04d5a3f135e264d9815addbd5cde0>
199,:headline,shacl:MinCountConstraintComponent,shacl:Warning,Headline is suggested ,_:n5ed15b711b5b4efa803924a89a930e7db201,<http://portete.invemar.org.co/chm/api/oih/findid/platformgeo/9558ac847253ba9b926b11a615a98a42d2bb1fb4b534986d30ffd399be0c6237>
200,:headline,shacl:MinCountConstraintComponent,shacl:Warning,Headline is suggested ,_:n5ed15b711b5b4efa803924a89a930e7db202,<http://portete.invemar.org.co/chm/api/oih/findid/platformgeo/3c4fbd3db7b212035e10992665017a1408c42353d7a8e10bf2d82cb7665edcf8>
201,:headline,shacl:MinCountConstraintComponent,shacl:Warning,Headline is suggested ,_:n5ed15b711b5b4efa803924a89a930e7db203,<http://portete.invemar.org.co/chm/api/oih/findid/platformgeo/b57f9b1f52262faa8e9b9943bdb6e6dd7edfaebe4a209086fdc3178a80ed761c>
202,:headline,shacl:MinCountConstraintComponent,shacl:Warning,Headline is suggested ,_:n5ed15b711b5b4efa803924a89a930e7db204,<http://portete.invemar.org.co/chm/api/oih/findid/platformgeo/d94718fef048d811ea0a9b212c105e0aace74f1be0629a4b57cc421af3d401b6>
203,:headline,shacl:MinCountConstraintComponent,shacl:Warning,Headline is suggested ,_:n5ed15b711b5b4efa803924a89a930e7db205,<http://portete.invemar.org.co/chm/api/oih/findid/platformgeo/7ac6548cdecea630ae57b41e9c84c500f03b7207d277321d5b70797278e9c7ec>
204,:headline,shacl:MinCountConstraintComponent,shacl:Warning,Headline is suggested ,_:n5ed15b711b5b4efa803924a89a930e7db206,<http://portete.invemar.org.co/chm/api/oih/findid/platformgeo/4e625ce9d189a1600a40dad070161750710ace8cfc41f667930e5d5ae02376b2>
205,:headline,shacl:MinCountConstraintComponent,shacl:Warning,Headline is suggested ,_:n5ed15b711b5b4efa803924a89a930e7db207,<http://portete.invemar.org.co/chm/api/oih/findid/platformgeo/de4df2c412256663b5d0d2c60fa7eeedef13f5584a657f2a84f29e18ecb6daac>
206,:headline,shacl:MinCountConstraintComponent,shacl:Warning,Headline is suggested ,_:n5ed15b711b5b4efa803924a89a930e7db208,<http://portete.invemar.org.co/chm/api/oih/findid/platformgeo/9c5197abbe37b458b2d31515a394d2ebc32ce62e14c1a2e57348a825512e0f83>
207,:headline,shacl:MinCountConstraintComponent,shacl:Warning,Headline is suggested ,_:n5ed15b711b5b4efa803924a89a930e7db209,<http://portete.invemar.org.co/chm/api/oih/findid/platformgeo/412a265cb145ea52949e15ba713228a7ccd52f98535960ac5773edec10e1af87>
208,:headline,shacl:MinCountConstraintComponent,shacl:Warning,Headline is suggested ,_:n5ed15b711b5b4efa803924a89a930e7db210,<http://portete.invemar.org.co/chm/api/oih/findid/platformgeo/227c062d917d6132c0dcaa63afadca83c9bd4599c9dd73afe3951e81f0f6114b>
209,:headline,shacl:MinCountConstraintComponent,shacl:Warning,Headline is suggested ,_:n5ed15b711b5b4efa803924a89a930e7db211,<http://portete.invemar.org.co/chm/api/oih/findid/platformgeo/2b47369fd55dd7eb010b2afdc869fbd477e3ea344324b993bcd425df020ff4b0>
210,:headline,shacl:MinCountConstraintComponent,shacl:Warning,Headline is suggested ,_:n5ed15b711b5b4efa803924a89a930e7db212,<http://portete.invemar.org.co/chm/api/oih/findid/platformgeo/442cf5d12361ba6f6e9c032362088a32ff496611f764037dc8f8d1c51a72e2ea>
211,:headline,shacl:MinCountConstraintComponent,shacl:Warning,Headline is suggested ,_:n5ed15b711b5b4efa803924a89a930e7db213,<http://portete.invemar.org.co/chm/api/oih/findid/platformgeo/e70ea1519084a759613e52ca1b8fe798cf9440f76e8d2c617eb12ba3853157fd>
212,:headline,shacl:MinCountConstraintComponent,shacl:Warning,Headline is suggested ,_:n5ed15b711b5b4efa803924a89a930e7db214,<http://portete.invemar.org.co/chm/api/oih/findid/platformgeo/7c79c949452cda1d7ece9ed13724dcef04483688de1196bffc0ac2d858f99152>
213,:headline,shacl:MinCountConstraintComponent,shacl:Warning,Headline is suggested ,_:n5ed15b711b5b4efa803924a89a930e7db215,<http://portete.invemar.org.co/chm/api/oih/findid/platformgeo/d9471e81dc77525919073e04ffa4d764e5bd4d075ff42118f19ef3c96cf17338>
214,:headline,shacl:MinCountConstraintComponent,shacl:Warning,Headline is suggested ,_:n5ed15b711b5b4efa803924a89a930e7db216,<http://portete.invemar.org.co/chm/api/oih/findid/platformgeo/4cc8ed8190fc192bf0073c01e0ea1fdbb2224510215f89f7252746adc0ad4280>
215,:headline,shacl:MinCountConstraintComponent,shacl:Warning,Headline is suggested ,_:n5ed15b711b5b4efa803924a89a930e7db217,<http://portete.invemar.org.co/chm/api/oih/findid/platformgeo/926f57c261228c42a30dd2df86d4019f9e8471c6037bb523f1e3c4b5686ef798>
216,:headline,shacl:MinCountConstraintComponent,shacl:Warning,Headline is suggested ,_:n5ed15b711b5b4efa803924a89a930e7db218,<http://portete.invemar.org.co/chm/api/oih/findid/platformgeo/30500edc9a034d8d391e65e54d6ab42825c2461a0bc643756a800ae0ed12e405>
217,:headline,shacl:MinCountConstraintComponent,shacl:Warning,Headline is suggested ,_:n5ed15b711b5b4efa803924a89a930e7db219,<http://portete.invemar.org.co/chm/api/oih/findid/platformgeo/b05a8604a23e7072e2c475d9e43c6696fefe2240da5ef8493a6e8e331fe33ed9>
218,:headline,shacl:MinCountConstraintComponent,shacl:Warning,Headline is suggested ,_:n5ed15b711b5b4efa803924a89a930e7db220,<http://portete.invemar.org.co/chm/api/oih/findid/platformgeo/3557d1ea07cb863085fb8dfc6648927b5b8591e46ebbda4ee115ec362a4afcbc>
219,:headline,shacl:MinCountConstraintComponent,shacl:Warning,Headline is suggested ,_:n5ed15b711b5b4efa803924a89a930e7db221,<http://portete.invemar.org.co/chm/api/oih/platformgeo#022a05fdba63f907af3ed6f0b54c167806e2f3300def6783be050792a4f8e8e9>
220,:headline,shacl:MinCountConstraintComponent,shacl:Warning,Headline is suggested ,_:n5ed15b711b5b4efa803924a89a930e7db222,<http://portete.invemar.org.co/chm/api/oih/findid/platformgeo/9772d105a182482804aacb26465c356b1345a20fd9c53e4679756b648775ee6f>
221,:headline,shacl:MinCountConstraintComponent,shacl:Warning,Headline is suggested ,_:n5ed15b711b5b4efa803924a89a930e7db223,<http://portete.invemar.org.co/chm/api/oih/findid/platformgeo/0e21a57c3fafa62cee9f2e983193f28702650d9ae7565aa35260acb86c8819b0>
222,:headline,shacl:MinCountConstraintComponent,shacl:Warning,Headline is suggested ,_:n5ed15b711b5b4efa803924a89a930e7db224,<http://portete.invemar.org.co/chm/api/oih/findid/platformgeo/3bb5fe92ac4ec7aeaf10ae36efe6dc9cd64e05ce892395a502a04dc7cd486825>
223,:headline,shacl:MinCountConstraintComponent,shacl:Warning,Headline is suggested ,_:n5ed15b711b5b4efa803924a89a930e7db225,<http://portete.invemar.org.co/chm/api/oih/findid/platformgeo/6899ba216d848d295ae87f208f4fa576cbc6827a581c8f33ce4a09df15915a3c>
224,:headline,shacl:MinCountConstraintComponent,shacl:Warning,Headline is suggested ,_:n5ed15b711b5b4efa803924a89a930e7db226,<http://portete.invemar.org.co/chm/api/oih/findid/platformgeo/d9bc8a09f34f61d7b7b93a6e43b2e5d4a7140d60fb55ef341915efb466393380>
225,:headline,shacl:MinCountConstraintComponent,shacl:Warning,Headline is suggested ,_:n5ed15b711b5b4efa803924a89a930e7db227,<http://portete.invemar.org.co/chm/api/oih/findid/platformgeo/5092d1af39b5ac7582e9f682cb250eaae3dfd4ce2737cca048f95f0be148a715>
226,:headline,shacl:MinCountConstraintComponent,shacl:Warning,Headline is suggested ,_:n5ed15b711b5b4efa803924a89a930e7db228,<http://portete.invemar.org.co/chm/api/oih/findid/platformgeo/e2e4166ad067e8ebe55f5797ec5301290054263f8f4fb9327e3b194b36b04cb8>
227,:headline,shacl:MinCountConstraintComponent,shacl:Warning,Headline is suggested ,_:n5ed15b711b5b4efa803924a89a930e7db229,<http://portete.invemar.org.co/chm/api/oih/findid/platformgeo/1545c43137fb4f7c5c7cab0ee719ca463863626dbd11714ad52d68afabdd6506>
228,:headline,shacl:MinCountConstraintComponent,shacl:Warning,Headline is suggested ,_:n5ed15b711b5b4efa803924a89a930e7db230,<http://portete.invemar.org.co/chm/api/oih/findid/platformgeo/68045c0bab696400224b80dc8fd4c0b197dc51f1f09b65f282a191339183c099>
229,:headline,shacl:MinCountConstraintComponent,shacl:Warning,Headline is suggested ,_:n5ed15b711b5b4efa803924a89a930e7db231,<http://portete.invemar.org.co/chm/api/oih/findid/platformgeo/3930ed15d5bf76a33e980d66b9747a5473ec74e7665e289b166787d979f47b65>
230,:headline,shacl:MinCountConstraintComponent,shacl:Warning,Headline is suggested ,_:n5ed15b711b5b4efa803924a89a930e7db232,<http://portete.invemar.org.co/chm/api/oih/findid/platformgeo/c729530bd8b5a19f5e029dccae68f579fba2436a1cab0a2c3777a13c721cc086>
231,:headline,shacl:MinCountConstraintComponent,shacl:Warning,Headline is suggested ,_:n5ed15b711b5b4efa803924a89a930e7db233,<http://portete.invemar.org.co/chm/api/oih/findid/platformgeo/fc0953fd81fe24bd77ce6bb2019948b5edfe65bc2d0aef6e6b355b1a9e9d20ce>
232,:headline,shacl:MinCountConstraintComponent,shacl:Warning,Headline is suggested ,_:n5ed15b711b5b4efa803924a89a930e7db234,<http://portete.invemar.org.co/chm/api/oih/findid/platformgeo/923f048e7a72abf2835f0ed004573d74cdce24da11ef00e820fd8e4c8015a123>
233,:headline,shacl:MinCountConstraintComponent,shacl:Warning,Headline is suggested ,_:n5ed15b711b5b4efa803924a89a930e7db235,<http://portete.invemar.org.co/chm/api/oih/findid/platformgeo/0436264a0ac457957e930bcd964ddff4cc05b791efa548f5488962e98715ccfe>
234,:headline,shacl:MinCountConstraintComponent,shacl:Warning,Headline is suggested ,_:n5ed15b711b5b4efa803924a89a930e7db236,<http://portete.invemar.org.co/chm/api/oih/findid/platformgeo/b3c3cd50e8214b1a39992c9f6bfd3302c9c91c13ddc0351c2efeeffcb61b090d>
235,:headline,shacl:MinCountConstraintComponent,shacl:Warning,Headline is suggested ,_:n5ed15b711b5b4efa803924a89a930e7db237,<http://portete.invemar.org.co/chm/api/oih/findid/platformgeo/70a4db66ee6c936e963f43db072b28d1d156c9ef69a261ce1a214b8c796118fc>
236,:headline,shacl:MinCountConstraintComponent,shacl:Warning,Headline is suggested ,_:n5ed15b711b5b4efa803924a89a930e7db238,<http://portete.invemar.org.co/chm/api/oih/findid/platformgeo/5ed5dd6c0906e7205568e6d5b529fcbb3a532e7fbb535c7dba724ba2e9315f2d>
237,:headline,shacl:MinCountConstraintComponent,shacl:Warning,Headline is suggested ,_:n5ed15b711b5b4efa803924a89a930e7db239,<http://portete.invemar.org.co/chm/api/oih/findid/platformgeo/f44f0c71359f4b186aac5c8f6021bf58ae99daf1de84b04d30e51274fd89787b>
238,:headline,shacl:MinCountConstraintComponent,shacl:Warning,Headline is suggested ,_:n5ed15b711b5b4efa803924a89a930e7db240,<http://portete.invemar.org.co/chm/api/oih/findid/platformgeo/a8ebd20069ef008915f924d3c795076f2b9176538efe19b2ff95a5dc2ec26cbd>
239,:headline,shacl:MinCountConstraintComponent,shacl:Warning,Headline is suggested ,_:n5ed15b711b5b4efa803924a89a930e7db241,<http://portete.invemar.org.co/chm/api/oih/findid/platformgeo/b54d8a362bff7b3986f101856c0e805e492c4a77595f1368a4073c86386245c3>
240,:headline,shacl:MinCountConstraintComponent,shacl:Warning,Headline is suggested ,_:n5ed15b711b5b4efa803924a89a930e7db242,<http://portete.invemar.org.co/chm/api/oih/findid/platformgeo/1fea3c7ebfb48c92d4150267658073690170a37bb7e193a8725fb283b10e5729>
241,:headline,shacl:MinCountConstraintComponent,shacl:Warning,Headline is suggested ,_:n5ed15b711b5b4efa803924a89a930e7db243,<http://portete.invemar.org.co/chm/api/oih/findid/platformgeo/3630c378b2da230dfe4d6f125bf6cb5fd6252773ec71911a811ada29cf4ae841>
242,:headline,shacl:MinCountConstraintComponent,shacl:Warning,Headline is suggested ,_:n5ed15b711b5b4efa803924a89a930e7db244,<http://portete.invemar.org.co/chm/api/oih/findid/platformgeo/73382866ed509c3d986cc663edad3a124ca440a24e097dda7ae42fec9c06c774>
243,:headline,shacl:MinCountConstraintComponent,shacl:Warning,Headline is suggested ,_:n5ed15b711b5b4efa803924a89a930e7db245,<http://portete.invemar.org.co/chm/api/oih/findid/platformgeo/6a1afd9cb080d66e48572b5f1766f32737718020bd9137970caa9897c812eb2e>
244,:headline,shacl:MinCountConstraintComponent,shacl:Warning,Headline is suggested ,_:n5ed15b711b5b4efa803924a89a930e7db246,<http://portete.invemar.org.co/chm/api/oih/findid/platformgeo/3f2787eaec3c220f04d960b56603d043198dcccae1e217572cdbc0edd596c2ed>
245,:headline,shacl:MinCountConstraintComponent,shacl:Warning,Headline is suggested ,_:n5ed15b711b5b4efa803924a89a930e7db247,<http://portete.invemar.org.co/chm/api/oih/findid/platformgeo/125e788c3c0610ec33bf31306a740b02dd47489a634473072e517131c66549b5>
246,:headline,shacl:MinCountConstraintComponent,shacl:Warning,Headline is suggested ,_:n5ed15b711b5b4efa803924a89a930e7db248,<http://portete.invemar.org.co/chm/api/oih/findid/platformgeo/552e3ccb8507530d4a35c43be3a5a63db90506d0e5fd054be7d1ac5964f2997d>
247,:headline,shacl:MinCountConstraintComponent,shacl:Warning,Headline is suggested ,_:n5ed15b711b5b4efa803924a89a930e7db249,<http://portete.invemar.org.co/chm/api/oih/findid/platformgeo/c7a82813c8e16f2f23632a1082e748a71b4c580b3d8edeaccb5b3648dd58c4f1>
248,:headline,shacl:MinCountConstraintComponent,shacl:Warning,Headline is suggested ,_:n5ed15b711b5b4efa803924a89a930e7db250,<http://portete.invemar.org.co/chm/api/oih/findid/platformgeo/2f1d5e6d176a5d8ba1facd015b678ebb797ec013008f805b23f74ae8d9346c10>
249,:headline,shacl:MinCountConstraintComponent,shacl:Warning,Headline is suggested ,_:n5ed15b711b5b4efa803924a89a930e7db251,<http://portete.invemar.org.co/chm/api/oih/findid/platformgeo/89e712e774495622758d20814be9d194b7e2ef5a784e818665917226f29a9075>
250,:headline,shacl:MinCountConstraintComponent,shacl:Warning,Headline is suggested ,_:n5ed15b711b5b4efa803924a89a930e7db252,<http://portete.invemar.org.co/chm/api/oih/findid/platformgeo/c4548c72a461f4d9574045e3fe822e73191f9925e0647271647d11c823b09de8>
251,:headline,shacl:MinCountConstraintComponent,shacl:Warning,Headline is suggested ,_:n5ed15b711b5b4efa803924a89a930e7db253,<http://portete.invemar.org.co/chm/api/oih/findid/platformgeo/77e9bacc290b36a399a444c35cef44e6da8b8e65ffe129af3bf5b18e92264019>
252,:headline,shacl:MinCountConstraintComponent,shacl:Warning,Headline is suggested ,_:n5ed15b711b5b4efa803924a89a930e7db254,<http://portete.invemar.org.co/chm/api/oih/findid/platformgeo/76f5f5e512c226fff9f6ccbf4e19ae78af18cd5d0a70be779e71643d5b68b1eb>
253,:headline,shacl:MinCountConstraintComponent,shacl:Warning,Headline is suggested ,_:n5ed15b711b5b4efa803924a89a930e7db255,<http://portete.invemar.org.co/chm/api/oih/findid/platformgeo/f0e111ba3761db20f762dd7c6640deb95db66105294ceacc0e8a337488ff451c>
254,:headline,shacl:MinCountConstraintComponent,shacl:Warning,Headline is suggested ,_:n5ed15b711b5b4efa803924a89a930e7db256,<http://portete.invemar.org.co/chm/api/oih/findid/platformgeo/e727b5f4c27b6ebe5a1d9729a4e0dc3370f5a9a422d1a08de27494c38065e23c>
255,:headline,shacl:MinCountConstraintComponent,shacl:Warning,Headline is suggested ,_:n5ed15b711b5b4efa803924a89a930e7db257,<http://portete.invemar.org.co/chm/api/oih/findid/platformgeo/c4ee3014f7058ad435b4b32f4cc74875816f78d9a8b2de68b17ceae1fb5f2ed2>
256,:headline,shacl:MinCountConstraintComponent,shacl:Warning,Headline is suggested ,_:n5ed15b711b5b4efa803924a89a930e7db258,<http://portete.invemar.org.co/chm/api/oih/findid/platformgeo/516b313efe73d8ca22499a989c7557b67cc12558d64ff55a1066652d00a4c342>
257,:headline,shacl:MinCountConstraintComponent,shacl:Warning,Headline is suggested ,_:n5ed15b711b5b4efa803924a89a930e7db259,<http://portete.invemar.org.co/chm/api/oih/findid/platformgeo/1f9815df8e8fe64ea97a4f2e93bf50ebc0abae6355a92222cb50bb4d9f67eb37>
258,:headline,shacl:MinCountConstraintComponent,shacl:Warning,Headline is suggested ,_:n5ed15b711b5b4efa803924a89a930e7db260,<http://portete.invemar.org.co/chm/api/oih/findid/platformgeo/f4a195c12d2fb67104966b7f7587f2ae1e8f44da23e43295379d4e3cdf043723>
259,:headline,shacl:MinCountConstraintComponent,shacl:Warning,Headline is suggested ,_:n5ed15b711b5b4efa803924a89a930e7db261,<http://portete.invemar.org.co/chm/api/oih/findid/platformgeo/312106074a7146dcd0121a35f3af69b72f3eedab19f24942b8f92af2e9883e99>
260,:headline,shacl:MinCountConstraintComponent,shacl:Warning,Headline is suggested ,_:n5ed15b711b5b4efa803924a89a930e7db262,<http://portete.invemar.org.co/chm/api/oih/findid/platformgeo/1cc8a61f729f37e5cddbb47c5121afce0ee2daac9c3fa79877b6fcd79810485e>
261,:headline,shacl:MinCountConstraintComponent,shacl:Warning,Headline is suggested ,_:n5ed15b711b5b4efa803924a89a930e7db263,<http://portete.invemar.org.co/chm/api/oih/findid/platformgeo/ccdee8e6d5e5e8400bf7232510649b960c8521b3192b2284ace14cfd686a4c24>
262,:headline,shacl:MinCountConstraintComponent,shacl:Warning,Headline is suggested ,_:n5ed15b711b5b4efa803924a89a930e7db264,<http://portete.invemar.org.co/chm/api/oih/findid/platformgeo/f7088c263e54854c4f0c0be6ee3cfc120ee2d1ca41b328a10d1cfa535536d778>
263,:headline,shacl:MinCountConstraintComponent,shacl:Warning,Headline is suggested ,_:n5ed15b711b5b4efa803924a89a930e7db265,<http://portete.invemar.org.co/chm/api/oih/findid/platformgeo/9c26c12c1323dc0cc02189532bdd66418c3867e41b7fad73db915010ea43c258>
264,:headline,shacl:MinCountConstraintComponent,shacl:Warning,Headline is suggested ,_:n5ed15b711b5b4efa803924a89a930e7db266,<http://portete.invemar.org.co/chm/api/oih/findid/platformgeo/7f47bd58c55374df063b47ec789d9b2f6e33bf59bfa31957f3c58c3e38acfe70>
265,:headline,shacl:MinCountConstraintComponent,shacl:Warning,Headline is suggested ,_:n5ed15b711b5b4efa803924a89a930e7db267,<http://portete.invemar.org.co/chm/api/oih/findid/platformgeo/f78e941c77b3af3073e28df1eda75ca9f0b55b6ffc0284f9f4adc30909623ced>
266,:headline,shacl:MinCountConstraintComponent,shacl:Warning,Headline is suggested ,_:n5ed15b711b5b4efa803924a89a930e7db268,<http://portete.invemar.org.co/chm/api/oih/findid/platformgeo/73b2511db7160b520c614c6a78cb55de1a1f4a1bacc7890e25225ff282bc628a>
267,:headline,shacl:MinCountConstraintComponent,shacl:Warning,Headline is suggested ,_:n5ed15b711b5b4efa803924a89a930e7db269,<http://portete.invemar.org.co/chm/api/oih/findid/platformgeo/d029f8a9d834311db8c9ded08e0b12c2ebd6d2740bbc1667682328843336c6b7>
268,:headline,shacl:MinCountConstraintComponent,shacl:Warning,Headline is suggested ,_:n5ed15b711b5b4efa803924a89a930e7db270,<http://portete.invemar.org.co/chm/api/oih/findid/platformgeo/5221a58c3b4000983d3f9bf4769500fba7fc8480b675fc017bffb0a73b5fdde7>
269,:headline,shacl:MinCountConstraintComponent,shacl:Warning,Headline is suggested ,_:n5ed15b711b5b4efa803924a89a930e7db271,<http://portete.invemar.org.co/chm/api/oih/findid/platformgeo/b039718772c30811ee15cd2db431e450a94352a7e738e992e9a78f8582e1aa1c>
270,:headline,shacl:MinCountConstraintComponent,shacl:Warning,Headline is suggested ,_:n5ed15b711b5b4efa803924a89a930e7db272,<http://portete.invemar.org.co/chm/api/oih/findid/platformgeo/577b37e3d345d17735d3a2c296cb5519910c7f8c8da6e4b5e62bb7b35ccf3e94>
271,:headline,shacl:MinCountConstraintComponent,shacl:Warning,Headline is suggested ,_:n5ed15b711b5b4efa803924a89a930e7db273,<http://portete.invemar.org.co/chm/api/oih/findid/platformgeo/e7c8c7de612861734a441f38ca34068fd72e7500998b69657f81e10107046e9a>
272,:headline,shacl:MinCountConstraintComponent,shacl:Warning,Headline is suggested ,_:n5ed15b711b5b4efa803924a89a930e7db274,<http://portete.invemar.org.co/chm/api/oih/findid/platformgeo/eac653be22bcbb7752c3beac26d13f8e793566063ee57ad14fff7104c382ead8>
273,:headline,shacl:MinCountConstraintComponent,shacl:Warning,Headline is suggested ,_:n5ed15b711b5b4efa803924a89a930e7db275,<http://portete.invemar.org.co/chm/api/oih/findid/platformgeo/323cc9a186566fbe746166bbcea2f1742cbf727b0d0c0599506ef20a857ccdfa>
274,:headline,shacl:MinCountConstraintComponent,shacl:Warning,Headline is suggested ,_:n5ed15b711b5b4efa803924a89a930e7db276,<http://portete.invemar.org.co/chm/api/oih/findid/platformgeo/c78c34bb129a6e672eb98db5e3a12563520fc63bdb9c6402880b270222305a78>
275,:headline,shacl:MinCountConstraintComponent,shacl:Warning,Headline is suggested ,_:n5ed15b711b5b4efa803924a89a930e7db277,<http://portete.invemar.org.co/chm/api/oih/findid/platformgeo/a4731bba083c462cb8db2f86b1063d8e60add1c3528f47b982d0ac2a2ed2b5ac>
276,:headline,shacl:MinCountConstraintComponent,shacl:Warning,Headline is suggested ,_:n5ed15b711b5b4efa803924a89a930e7db278,<http://portete.invemar.org.co/chm/api/oih/findid/platformgeo/5c3098d9b0b2442fafbb66e591f645a588d11371b9926eced008a86a778295dc>
277,:headline,shacl:MinCountConstraintComponent,shacl:Warning,Headline is suggested ,_:n5ed15b711b5b4efa803924a89a930e7db279,<http://portete.invemar.org.co/chm/api/oih/findid/platformgeo/e6b25384eada99b774186e177137fbd4ec95a307fa83b72b31bb9814e8d0b420>
278,:headline,shacl:MinCountConstraintComponent,shacl:Warning,Headline is suggested ,_:n5ed15b711b5b4efa803924a89a930e7db280,<http://portete.invemar.org.co/chm/api/oih/findid/platformgeo/ffef0d009c2e5cc8aba8389102e70c6b7b09cd7042fc168e859cfd8f78e57184>
279,:headline,shacl:MinCountConstraintComponent,shacl:Warning,Headline is suggested ,_:n5ed15b711b5b4efa803924a89a930e7db281,<http://portete.invemar.org.co/chm/api/oih/findid/platformgeo/58e6219c23c77af7dd1d51ad8fbd9ad8080cc1bb090323b0c6cdec58b0dfa4f5>
280,:headline,shacl:MinCountConstraintComponent,shacl:Warning,Headline is suggested ,_:n5ed15b711b5b4efa803924a89a930e7db282,<http://portete.invemar.org.co/chm/api/oih/findid/platformgeo/9b78e73d46a46536bbfd042637df743f9f5230bbe5fd2ee6b56a1af28d13505a>
281,:headline,shacl:MinCountConstraintComponent,shacl:Warning,Headline is suggested ,_:n5ed15b711b5b4efa803924a89a930e7db283,<http://portete.invemar.org.co/chm/api/oih/findid/platformgeo/687b2a26ce328cbfa45e7f26a4e6fdba9bd5c64eaf09345f3fdd82bdd0b2caac>
282,:headline,shacl:MinCountConstraintComponent,shacl:Warning,Headline is suggested ,_:n5ed15b711b5b4efa803924a89a930e7db284,<http://portete.invemar.org.co/chm/api/oih/findid/platformgeo/4967bd8d6a9d8e9c616f09cd2bee875cee6279e391cef7298bff6ae78229ca20>
283,:headline,shacl:MinCountConstraintComponent,shacl:Warning,Headline is suggested ,_:n5ed15b711b5b4efa803924a89a930e7db285,<http://portete.invemar.org.co/chm/api/oih/findid/platformgeo/7aab5eeb6ca423b714d01b8363b138ea7d15421ab2d7f3fff50d6ba30f6165d6>
284,:headline,shacl:MinCountConstraintComponent,shacl:Warning,Headline is suggested ,_:n5ed15b711b5b4efa803924a89a930e7db286,<http://portete.invemar.org.co/chm/api/oih/findid/platformgeo/a6014c02fb212169f53782c57ace303a0c5487127c7b15e48d373299e1cef093>
285,:headline,shacl:MinCountConstraintComponent,shacl:Warning,Headline is suggested ,_:n5ed15b711b5b4efa803924a89a930e7db287,<http://portete.invemar.org.co/chm/api/oih/findid/platformgeo/f6c4cec078c46ca2b4c820e16bd9e8e7ede56865db73c0a749aa7b0151e22332>
286,:headline,shacl:MinCountConstraintComponent,shacl:Warning,Headline is suggested ,_:n5ed15b711b5b4efa803924a89a930e7db288,<http://portete.invemar.org.co/chm/api/oih/findid/platformgeo/f4a6917bb3f0658f90d38f3cb1b015866633270aa53a21f7eeb82051723f0ed4>
287,:headline,shacl:MinCountConstraintComponent,shacl:Warning,Headline is suggested ,_:n5ed15b711b5b4efa803924a89a930e7db289,<http://portete.invemar.org.co/chm/api/oih/findid/platformgeo/e105dfa72532cd2c168778d1614667747f850e221f16035ab236c3d9c85a6e78>
288,:headline,shacl:MinCountConstraintComponent,shacl:Warning,Headline is suggested ,_:n5ed15b711b5b4efa803924a89a930e7db290,<http://portete.invemar.org.co/chm/api/oih/findid/platformgeo/dfc1add6af8f013d69c0b63daf88728a67fb0d57c03cfa725bda571e11c27731>
289,:headline,shacl:MinCountConstraintComponent,shacl:Warning,Headline is suggested ,_:n5ed15b711b5b4efa803924a89a930e7db291,<http://portete.invemar.org.co/chm/api/oih/findid/platformgeo/cfc55cf052f6ed2397079bc86e42b54cb1296437e3015cde9cfeb50f501e9fc7>
290,:headline,shacl:MinCountConstraintComponent,shacl:Warning,Headline is suggested ,_:n5ed15b711b5b4efa803924a89a930e7db292,<http://portete.invemar.org.co/chm/api/oih/findid/platformgeo/e34ada0b1e6624ce25d3e4f0946d60ded1ee2708ca759b8cfb8200b4eabcc515>
291,:headline,shacl:MinCountConstraintComponent,shacl:Warning,Headline is suggested ,_:n5ed15b711b5b4efa803924a89a930e7db293,<http://portete.invemar.org.co/chm/api/oih/findid/platformgeo/b49fd74d132c542bb4f478561231e722479cc7a807a5313ee56e363205ab9097>
292,:headline,shacl:MinCountConstraintComponent,shacl:Warning,Headline is suggested ,_:n5ed15b711b5b4efa803924a89a930e7db294,<http://portete.invemar.org.co/chm/api/oih/findid/platformgeo/7c0f753bd64191d0fb18e9d9c4cc31e36444f9e68b90702a9572bbeefe77cdff>
293,:headline,shacl:MinCountConstraintComponent,shacl:Warning,Headline is suggested ,_:n5ed15b711b5b4efa803924a89a930e7db295,<http://portete.invemar.org.co/chm/api/oih/findid/platformgeo/42014faa9a5aef9de72bc61d542f08763c1a04d4e5b6cf0ca5786aa361998874>
294,:headline,shacl:MinCountConstraintComponent,shacl:Warning,Headline is suggested ,_:n5ed15b711b5b4efa803924a89a930e7db296,<http://portete.invemar.org.co/chm/api/oih/findid/platformgeo/509d3b322083d12b0d6f5b8ca36634880226e2ec77bb24746fd8b14f53caa395>
295,:headline,shacl:MinCountConstraintComponent,shacl:Warning,Headline is suggested ,_:n5ed15b711b5b4efa803924a89a930e7db297,<http://portete.invemar.org.co/chm/api/oih/findid/platformgeo/94fe14ced6cbc8c076b5e9f7391344b0a680aaa3f714c896c7bfd24783fd1c89>
296,:headline,shacl:MinCountConstraintComponent,shacl:Warning,Headline is suggested ,_:n5ed15b711b5b4efa803924a89a930e7db298,<http://portete.invemar.org.co/chm/api/oih/findid/platformgeo/0395e0b8bb5453f69832f52c0de45faae2478b9ca5071f72459cc25cd7291f18>
297,:headline,shacl:MinCountConstraintComponent,shacl:Warning,Headline is suggested ,_:n5ed15b711b5b4efa803924a89a930e7db299,<http://portete.invemar.org.co/chm/api/oih/findid/platformgeo/16d3158d4fe730e2bfb545e779b3570c6790d2ec53802d5b431e4eaeacb0e83d>
298,:headline,shacl:MinCountConstraintComponent,shacl:Warning,Headline is suggested ,_:n5ed15b711b5b4efa803924a89a930e7db300,<http://portete.invemar.org.co/chm/api/oih/findid/platformgeo/2e43e4feba974248a4a296d144925e4597368e8793047a18162b7c0ce77100cb>
299,:headline,shacl:MinCountConstraintComponent,shacl:Warning,Headline is suggested ,_:n5ed15b711b5b4efa803924a89a930e7db301,<http://portete.invemar.org.co/chm/api/oih/findid/platformgeo/81501708ff0e8ad202282701906740cf7fcbe1f84fdf914e809a1f6a28359e6d>
300,:headline,shacl:MinCountConstraintComponent,shacl:Warning,Headline is suggested ,_:n5ed15b711b5b4efa803924a89a930e7db302,<http://portete.invemar.org.co/chm/api/oih/findid/platformgeo/c777dca4977b4008e4f05024e50c99f6935c086becfafdece8f6571f6c9c836b>
301,:headline,shacl:MinCountConstraintComponent,shacl:Warning,Headline is suggested ,_:n5ed15b711b5b4efa803924a89a930e7db303,<http://portete.invemar.org.co/chm/api/oih/findid/platformgeo/2166f515ba9cf2fd7dc8dfafc23f8eaf67daf3d686e05e328caa196500e26fad>
302,:headline,shacl:MinCountConstraintComponent,shacl:Warning,Headline is suggested ,_:n5ed15b711b5b4efa803924a89a930e7db304,<http://portete.invemar.org.co/chm/api/oih/findid/platformgeo/a72f978c35995b9e770e1e36d70a340757c1c2e5cc70198ad0ac72e6425467f2>
303,:headline,shacl:MinCountConstraintComponent,shacl:Warning,Headline is suggested ,_:n5ed15b711b5b4efa803924a89a930e7db305,<http://portete.invemar.org.co/chm/api/oih/findid/platformgeo/79a1f0e4795033f019fc760bd1c00cf3158fc28bef8406434058965a88f17b9c>
304,:headline,shacl:MinCountConstraintComponent,shacl:Warning,Headline is suggested ,_:n5ed15b711b5b4efa803924a89a930e7db306,<http://portete.invemar.org.co/chm/api/oih/findid/platformgeo/10a4858c6cb629ce9e0aeb39a1aa78a23e5ad34c17ed11915319356480b431fe>
305,:headline,shacl:MinCountConstraintComponent,shacl:Warning,Headline is suggested ,_:n5ed15b711b5b4efa803924a89a930e7db307,<http://portete.invemar.org.co/chm/api/oih/findid/platformgeo/7b5a5a2f23a52abc9a9cb81e2efd633d103dcc7d8236153ff1e2baec79f8f635>
306,:headline,shacl:MinCountConstraintComponent,shacl:Warning,Headline is suggested ,_:n5ed15b711b5b4efa803924a89a930e7db308,<http://portete.invemar.org.co/chm/api/oih/findid/platformgeo/c8eb95ba2648fda67d259d47f57779dcd9418d8b44d9b78944069c22c3deea7c>
307,:url,shacl:MinCountConstraintComponent,shacl:Violation,URL required for the location of a page describing the resource,_:n5ed15b711b5b4efa803924a89a930e7db309,<http://portete.invemar.org.co/chm/api/oih/platformgeo#022a05fdba63f907af3ed6f0b54c167806e2f3300def6783be050792a4f8e8e9>
308,:headline,shacl:MinCountConstraintComponent,shacl:Warning,Headline is suggested ,_:n5ed15b711b5b4efa803924a89a930e7db310,<http://portete.invemar.org.co/chm/api/oih/findid/platformgeo/e8017f235bb749b12383045e0a694a3a9b2ba18787bd14b8093b4b52c7e914e3>
309,:headline,shacl:MinCountConstraintComponent,shacl:Warning,Headline is suggested ,_:n5ed15b711b5b4efa803924a89a930e7db311,<http://portete.invemar.org.co/chm/api/oih/findid/platformgeo/3da138c4f4548bedd3ee489287e75ed4675498d7290af3f8647d8c32f3ac018b>
310,:headline,shacl:MinCountConstraintComponent,shacl:Warning,Headline is suggested ,_:n5ed15b711b5b4efa803924a89a930e7db312,<http://portete.invemar.org.co/chm/api/oih/findid/platformgeo/b20d4b9d2abc08f3f609b8b31ce848733797dd4356745b3ffa7576b8d3e5bf21>
311,:headline,shacl:MinCountConstraintComponent,shacl:Warning,Headline is suggested ,_:n5ed15b711b5b4efa803924a89a930e7db313,<http://portete.invemar.org.co/chm/api/oih/findid/platformgeo/ae780a38adad2b4312d4b456bc6d8951059b811fcaf015d2eba83f223ab6b038>
312,:headline,shacl:MinCountConstraintComponent,shacl:Warning,Headline is suggested ,_:n5ed15b711b5b4efa803924a89a930e7db314,<http://portete.invemar.org.co/chm/api/oih/findid/platformgeo/d1ec9842173fccb99a6f4d74379f7316928b83df160cde0d109ffed1e5b192c1>
313,:headline,shacl:MinCountConstraintComponent,shacl:Warning,Headline is suggested ,_:n5ed15b711b5b4efa803924a89a930e7db315,<http://portete.invemar.org.co/chm/api/oih/findid/platformgeo/899873b9aa356d81df144b0ec18d40f0b75569065a7d13b15f0101a2f77c45af>
314,:headline,shacl:MinCountConstraintComponent,shacl:Warning,Headline is suggested ,_:n5ed15b711b5b4efa803924a89a930e7db316,<http://portete.invemar.org.co/chm/api/oih/findid/platformgeo/78434c6d7e6adc5f0453b27e2c9eeafdb8acff21f274f84ad7551d7d860d1acf>
315,:headline,shacl:MinCountConstraintComponent,shacl:Warning,Headline is suggested ,_:n5ed15b711b5b4efa803924a89a930e7db317,<http://portete.invemar.org.co/chm/api/oih/findid/platformgeo/2d477c667c610a20c22f698aa561b8cf30bfc6f379e987057916b7e8e0ad10b6>
316,:headline,shacl:MinCountConstraintComponent,shacl:Warning,Headline is suggested ,_:n5ed15b711b5b4efa803924a89a930e7db318,<http://portete.invemar.org.co/chm/api/oih/findid/platformgeo/bb621e20ee28976482385acb481f140dfd371dd9836484d638a921411c84f7c3>
317,:headline,shacl:MinCountConstraintComponent,shacl:Warning,Headline is suggested ,_:n5ed15b711b5b4efa803924a89a930e7db319,<http://portete.invemar.org.co/chm/api/oih/findid/platformgeo/9662225712cef83d0c5f15c5579b481e4da14ab0c934891c7027a71c3e41f800>
318,:headline,shacl:MinCountConstraintComponent,shacl:Warning,Headline is suggested ,_:n5ed15b711b5b4efa803924a89a930e7db320,<http://portete.invemar.org.co/chm/api/oih/findid/platformgeo/897d9813b11a8e4054f0ab1e605912712986491c186b7cfda040553fb7852fcc>
319,:headline,shacl:MinCountConstraintComponent,shacl:Warning,Headline is suggested ,_:n5ed15b711b5b4efa803924a89a930e7db321,<http://portete.invemar.org.co/chm/api/oih/findid/platformgeo/76d402090774a5afcf40b74c11452fabb6477e6a7ef2c6d736635ae91ca1c80f>
320,:headline,shacl:MinCountConstraintComponent,shacl:Warning,Headline is suggested ,_:n5ed15b711b5b4efa803924a89a930e7db322,<http://portete.invemar.org.co/chm/api/oih/findid/platformgeo/7e43d9885bd183d2d28b776eff4fb052751dce6920b0582a649433199b134e6b>
321,:headline,shacl:MinCountConstraintComponent,shacl:Warning,Headline is suggested ,_:n5ed15b711b5b4efa803924a89a930e7db323,<http://portete.invemar.org.co/chm/api/oih/findid/platformgeo/1bb5fb4065ad49e531bb9237b36bae5e3d3388d7cedceeb12709e43faa09b832>
322,:headline,shacl:MinCountConstraintComponent,shacl:Warning,Headline is suggested ,_:n5ed15b711b5b4efa803924a89a930e7db324,<http://portete.invemar.org.co/chm/api/oih/findid/platformgeo/d99b5bb79547f4701c4550196295a66860364100d1945581c53179780a13808a>
323,:headline,shacl:MinCountConstraintComponent,shacl:Warning,Headline is suggested ,_:n5ed15b711b5b4efa803924a89a930e7db325,<http://portete.invemar.org.co/chm/api/oih/findid/platformgeo/55bb075381191d3c264559ec307ac4bcbd2338627800725f13aca134089327db>
324,:headline,shacl:MinCountConstraintComponent,shacl:Warning,Headline is suggested ,_:n5ed15b711b5b4efa803924a89a930e7db326,<http://portete.invemar.org.co/chm/api/oih/findid/platformgeo/8c0e2f8d0e2249d2b4defa11caeff66caa407892fb6505ac418eedb5d57cccf5>
325,:headline,shacl:MinCountConstraintComponent,shacl:Warning,Headline is suggested ,_:n5ed15b711b5b4efa803924a89a930e7db327,<http://portete.invemar.org.co/chm/api/oih/findid/platformgeo/6b2d7895e41e04ee38bb6410f2a160460eb561785c178316ca7dd691295fc8de>
326,:headline,shacl:MinCountConstraintComponent,shacl:Warning,Headline is suggested ,_:n5ed15b711b5b4efa803924a89a930e7db328,<http://portete.invemar.org.co/chm/api/oih/findid/platformgeo/e03bf4a69c6b332e848215726b5f2616195c26625e0bc6ba7a63166d981757b0>
327,:headline,shacl:MinCountConstraintComponent,shacl:Warning,Headline is suggested ,_:n5ed15b711b5b4efa803924a89a930e7db329,<http://portete.invemar.org.co/chm/api/oih/findid/platformgeo/badd14d1d8749a5a9291af275496d3206f12977328c304f4737f20888ec00b15>
328,:headline,shacl:MinCountConstraintComponent,shacl:Warning,Headline is suggested ,_:n5ed15b711b5b4efa803924a89a930e7db330,<http://portete.invemar.org.co/chm/api/oih/findid/platformgeo/2eb926041394309348af609ae24f2e4b03b3dc3db67a269583772517cb9e7607>
329,:headline,shacl:MinCountConstraintComponent,shacl:Warning,Headline is suggested ,_:n5ed15b711b5b4efa803924a89a930e7db331,<http://portete.invemar.org.co/chm/api/oih/findid/platformgeo/1a9b0dc332414f7372142202ac23c2a5c4d211f2b05e860bf87272e434b7aec8>
330,:headline,shacl:MinCountConstraintComponent,shacl:Warning,Headline is suggested ,_:n5ed15b711b5b4efa803924a89a930e7db332,<http://portete.invemar.org.co/chm/api/oih/findid/platformgeo/7d3f56636dce91d3ab16b317dabbc1416c3d7821939c0d30b0e1773bcc284d3f>
331,:headline,shacl:MinCountConstraintComponent,shacl:Warning,Headline is suggested ,_:n5ed15b711b5b4efa803924a89a930e7db333,<http://portete.invemar.org.co/chm/api/oih/findid/platformgeo/3f294737cc76def348da18320dd028ebdb8fc2273ed5666532b9aa97275eb142>
332,:headline,shacl:MinCountConstraintComponent,shacl:Warning,Headline is suggested ,_:n5ed15b711b5b4efa803924a89a930e7db334,<http://portete.invemar.org.co/chm/api/oih/findid/platformgeo/d0ab097dd34987442974156573079a514a737edbadc326240226b861f098090e>
333,:headline,shacl:MinCountConstraintComponent,shacl:Warning,Headline is suggested ,_:n5ed15b711b5b4efa803924a89a930e7db335,<http://portete.invemar.org.co/chm/api/oih/findid/platformgeo/2cdd564f9b8d40c3d77818c75b77f66cc560b8f829ee544f4e05c4ec3ff65d24>
334,:headline,shacl:MinCountConstraintComponent,shacl:Warning,Headline is suggested ,_:n5ed15b711b5b4efa803924a89a930e7db336,<http://portete.invemar.org.co/chm/api/oih/findid/platformgeo/cd9b6adfb180beac71fa7e4f2c4585d008644a6c9ab74a1c9e8f8b22c90dc056>
335,:headline,shacl:MinCountConstraintComponent,shacl:Warning,Headline is suggested ,_:n5ed15b711b5b4efa803924a89a930e7db337,<http://portete.invemar.org.co/chm/api/oih/findid/platformgeo/90105bd5d6fd84ebad0fe1ec34bbc2818fe77f22f344f734c70282185d87866b>
336,:headline,shacl:MinCountConstraintComponent,shacl:Warning,Headline is suggested ,_:n5ed15b711b5b4efa803924a89a930e7db338,<http://portete.invemar.org.co/chm/api/oih/findid/platformgeo/6ddb563cee8606596a95b786099ca8628cd0f010f9fba246cc4ffea69026a81d>
337,:headline,shacl:MinCountConstraintComponent,shacl:Warning,Headline is suggested ,_:n5ed15b711b5b4efa803924a89a930e7db339,<http://portete.invemar.org.co/chm/api/oih/findid/platformgeo/d766dd0a3d6b0d9c2fde779cb7a1e69a116e55b109de10e74ecef4b5bcf152ea>
338,:headline,shacl:MinCountConstraintComponent,shacl:Warning,Headline is suggested ,_:n5ed15b711b5b4efa803924a89a930e7db340,<http://portete.invemar.org.co/chm/api/oih/findid/platformgeo/c1d78c625e987304d960f8a5f75b35b1fbb34eea18eee6dd783c9e01914225c5>
339,:headline,shacl:MinCountConstraintComponent,shacl:Warning,Headline is suggested ,_:n5ed15b711b5b4efa803924a89a930e7db341,<http://portete.invemar.org.co/chm/api/oih/findid/platformgeo/d5f393da620a8a89cb55442526d067dd6ca7fbdfc84bff6e3b85bb152e8d2c3c>
340,:headline,shacl:MinCountConstraintComponent,shacl:Warning,Headline is suggested ,_:n5ed15b711b5b4efa803924a89a930e7db342,<http://portete.invemar.org.co/chm/api/oih/findid/platformgeo/7c529c392f3ad30dc458bf5c0e9e9f47dec646d1478d75bf56871a76ee7c19f5>
341,:headline,shacl:MinCountConstraintComponent,shacl:Warning,Headline is suggested ,_:n5ed15b711b5b4efa803924a89a930e7db343,<http://portete.invemar.org.co/chm/api/oih/findid/platformgeo/cf50dcf053f8e9a59fffe0d125675e5846ee5cb8d9d1d19247af82bb390f11d1>
342,:headline,shacl:MinCountConstraintComponent,shacl:Warning,Headline is suggested ,_:n5ed15b711b5b4efa803924a89a930e7db344,<http://portete.invemar.org.co/chm/api/oih/findid/platformgeo/e1845736d64ee9755f551922f44c734b1a23e405b5212db4a16ce5651db3fe41>
